id,name,shirtNumber,positionId,position,club,link
552955,Santiago Gimenez,11,4,Forward,Mexico,/santiago-gimenez/profil/spieler/552955
837619,Armando González,14,4,Forward,Mexico,/armando-gonzalez/profil/spieler/837619
401356,Edson Álvarez,4,3,Midfield,Mexico,/edson-alvarez/profil/spieler/401356
416090,Julián Quiñones,16,4,Forward,Mexico,/julian-quinones/profil/spieler/416090
602324,Érik Lira,6,3,Midfield,Mexico,/erik-lira/profil/spieler/602324
532937,Johan Vásquez,5,2,Defender,Mexico,/johan-vasquez/profil/spieler/532937
1155723,Gilberto Mora,19,3,Midfield,Mexico,/gilberto-mora/profil/spieler/1155723
889435,Obed Vargas,18,3,Midfield,Mexico,/obed-vargas/profil/spieler/889435
424689,Alexis Vega,10,4,Forward,Mexico,/alexis-vega/profil/spieler/424689
724443,Brian Gutiérrez,26,3,Midfield,Mexico,/brian-gutierrez/profil/spieler/724443
387687,César Montes,3,2,Defender,Mexico,/cesar-montes/profil/spieler/387687
353583,Roberto Alvarado,25,4,Forward,Mexico,/roberto-alvarado/profil/spieler/353583
334042,Orbelín Pineda,17,3,Midfield,Mexico,/orbelin-pineda/profil/spieler/334042
687558,Israel Reyes,15,2,Defender,Mexico,/israel-reyes/profil/spieler/687558
802855,Raúl Rangel,1,1,Goalkeeper,Mexico,/raul-rangel/profil/spieler/802855
331059,Luis Chávez,24,3,Midfield,Mexico,/luis-chavez/profil/spieler/331059
261503,Álvaro Fidalgo,8,3,Midfield,Mexico,/alvaro-fidalgo/profil/spieler/261503
1066953,Mateo Chávez,20,2,Defender,Mexico,/mateo-chavez/profil/spieler/1066953
540315,César Huerta,21,4,Forward,Mexico,/cesar-huerta/profil/spieler/540315
532938,Luis Romo,7,2,Defender,Mexico,/luis-romo/profil/spieler/532938
206040,Raúl Jiménez,9,4,Forward,Mexico,/raul-jimenez/profil/spieler/206040
356042,Carlos Acevedo,12,1,Goalkeeper,Mexico,/carlos-acevedo/profil/spieler/356042
344854,Jesús Gallardo,23,2,Defender,Mexico,/jesus-gallardo/profil/spieler/344854
356044,Jorge Sánchez,2,2,Defender,Mexico,/jorge-sanchez/profil/spieler/356044
347932,Guillermo Martínez,22,4,Forward,Mexico,/guillermo-martinez/profil/spieler/347932
29559,Guillermo Ochoa,13,1,Goalkeeper,Mexico,/guillermo-ochoa/profil/spieler/29559
467623,Lyle Foster,9,4,Forward,South Africa,/lyle-foster/profil/spieler/467623
1378320,Mbekezeli Mbokazi,14,2,Defender,South Africa,/mbekezeli-mbokazi/profil/spieler/1378320
1125037,Relebohile Mofokeng,10,4,Forward,South Africa,/relebohile-mofokeng/profil/spieler/1125037
337884,Iqraam Rayners,15,4,Forward,South Africa,/iqraam-rayners/profil/spieler/337884
436372,Teboho Mokoena,4,3,Midfield,South Africa,/teboho-mokoena/profil/spieler/436372
1175086,Samukele Kabini,18,2,Defender,South Africa,/samukele-kabini/profil/spieler/1175086
673381,Oswin Appollis,7,4,Forward,South Africa,/oswin-appollis/profil/spieler/673381
735697,Thalente Mbatha,5,3,Midfield,South Africa,/thalente-mbatha/profil/spieler/735697
1107265,Ime Okon,21,2,Defender,South Africa,/ime-okon/profil/spieler/1107265
1069801,Olwethu Makhanya,24,2,Defender,South Africa,/olwethu-makhanya/profil/spieler/1069801
804472,Jayden Adams,23,3,Midfield,South Africa,/jayden-adams/profil/spieler/804472
353432,Aubrey Modiba,6,2,Defender,South Africa,/aubrey-modiba/profil/spieler/353432
453370,Sipho Chaine,16,1,Goalkeeper,South Africa,/sipho-chaine/profil/spieler/453370
399068,Nkosinathi Sibisi,19,2,Defender,South Africa,/nkosinathi-sibisi/profil/spieler/399068
746781,Evidence Makgopa,17,4,Forward,South Africa,/evidence-makgopa/profil/spieler/746781
844485,Tshepang Moremi,8,4,Forward,South Africa,/tshepang-moremi/profil/spieler/844485
450806,Khuliso Mudau,20,2,Defender,South Africa,/khuliso-mudau/profil/spieler/450806
994370,Kamogelo Sebelebele,25,2,Defender,South Africa,/kamogelo-sebelebele/profil/spieler/994370
1109254,Thabang Matuludi,2,2,Defender,South Africa,/thabang-matuludi/profil/spieler/1109254
1283140,Khulumani Ndamane,3,2,Defender,South Africa,/khulumani-ndamane/profil/spieler/1283140
555209,Bradley Cross,26,2,Defender,South Africa,/bradley-cross/profil/spieler/555209
175577,Ronwen Williams,1,1,Goalkeeper,South Africa,/ronwen-williams/profil/spieler/175577
983330,Thapelo Maseko,12,4,Forward,South Africa,/thapelo-maseko/profil/spieler/983330
401736,Yaya Sithole,13,3,Midfield,South Africa,/yaya-sithole/profil/spieler/401736
258304,Ricardo Goss,22,1,Goalkeeper,South Africa,/ricardo-goss/profil/spieler/258304
176578,Themba Zwane,11,3,Midfield,South Africa,/themba-zwane/profil/spieler/176578
557149,Kang-in Lee,19,3,Midfield,South Korea,/kang-in-lee/profil/spieler/557149
503482,Min-jae Kim,4,2,Defender,South Korea,/min-jae-kim/profil/spieler/503482
639246,Hyeon-gyu Oh,18,4,Forward,South Korea,/hyeon-gyu-oh/profil/spieler/639246
91845,Heung-min Son,7,4,Forward,South Korea,/heung-min-son/profil/spieler/91845
613192,Jens Castrop,23,3,Midfield,South Korea,/jens-castrop/profil/spieler/613192
365394,In-beom Hwang,6,3,Midfield,South Korea,/in-beom-hwang/profil/spieler/365394
639414,Young-woo Seol,22,2,Defender,South Korea,/young-woo-seol/profil/spieler/639414
292246,Hee-chan Hwang,11,4,Forward,South Korea,/hee-chan-hwang/profil/spieler/292246
853110,Hyun-jun Yang,20,4,Forward,South Korea,/hyun-jun-yang/profil/spieler/853110
912081,Jun-ho Bae,17,3,Midfield,South Korea,/jun-ho-bae/profil/spieler/912081
706963,Han-beom Lee,2,2,Defender,South Korea,/han-beom-lee/profil/spieler/706963
652537,Gue-sung Cho,9,4,Forward,South Korea,/gue-sung-cho/profil/spieler/652537
639027,Tae-seok Lee,13,2,Defender,South Korea,/tae-seok-lee/profil/spieler/639027
314398,Jae-sung Lee,10,3,Midfield,South Korea,/jae-sung-lee/profil/spieler/314398
282689,Seung-ho Paik,8,3,Midfield,South Korea,/seung-ho-paik/profil/spieler/282689
706968,Ji-sung Eom,25,4,Forward,South Korea,/ji-sung-eom/profil/spieler/706968
558086,Dong-gyeong Lee,26,3,Midfield,South Korea,/dong-gyeong-lee/profil/spieler/558086
365377,Jin-gyu Kim,24,3,Midfield,South Korea,/jin-gyu-kim/profil/spieler/365377
645847,Tae-hyeon Kim,5,2,Defender,South Korea,/tae-hyeon-kim/profil/spieler/645847
557469,Jin-seob Park,16,3,Midfield,South Korea,/jin-seob-park/profil/spieler/557469
508237,Bum-keun Song,12,1,Goalkeeper,South Korea,/bum-keun-song/profil/spieler/508237
763349,Gi-hyuk Lee,3,2,Defender,South Korea,/gi-hyuk-lee/profil/spieler/763349
524592,Moon-hwan Kim,15,2,Defender,South Korea,/moon-hwan-kim/profil/spieler/524592
260171,Hyeon-woo Jo,21,1,Goalkeeper,South Korea,/hyeon-woo-jo/profil/spieler/260171
550978,Wi-je Cho,14,2,Defender,South Korea,/wi-je-cho/profil/spieler/550978
92076,Seung-gyu Kim,1,1,Goalkeeper,South Korea,/seung-gyu-kim/profil/spieler/92076
345911,Ladislav Krejci,7,2,Defender,Czechia,/ladislav-krejci/profil/spieler/345911
500053,Pavel Sulc,15,3,Midfield,Czechia,/pavel-sulc/profil/spieler/500053
629773,Lukas Hornicek,23,1,Goalkeeper,Czechia,/lukas-hornicek/profil/spieler/629773
242086,Patrik Schick,10,4,Forward,Czechia,/patrik-schick/profil/spieler/242086
944827,Stepan Chaloupek,6,2,Defender,Czechia,/stepan-chaloupek/profil/spieler/944827
620217,Robin Hranac,4,2,Defender,Czechia,/robin-hranac/profil/spieler/620217
283628,Tomáš Souček,22,3,Midfield,Czechia,/tomas-soucek/profil/spieler/283628
552057,Adam Hlozek,9,4,Forward,Czechia,/adam-hlozek/profil/spieler/552057
550829,Matej Kovar,1,1,Goalkeeper,Czechia,/matej-kovar/profil/spieler/550829
292779,Lukas Provod,17,4,Forward,Czechia,/lukas-provod/profil/spieler/292779
321204,Michal Sadílek,18,3,Midfield,Czechia,/michal-sadilek/profil/spieler/321204
544149,David Zima,2,2,Defender,Czechia,/david-zima/profil/spieler/544149
611049,Lukas Cerv,12,3,Midfield,Czechia,/lukas-cerv/profil/spieler/611049
500054,David Jurásek,14,2,Defender,Czechia,/david-jurasek/profil/spieler/500054
405855,Mojmír Chytil,13,4,Forward,Czechia,/mojmir-chytil/profil/spieler/405855
1206877,Hugo Sochurek,25,3,Midfield,Czechia,/hugo-sochurek/profil/spieler/1206877
493758,David Doudera,21,3,Midfield,Czechia,/david-doudera/profil/spieler/493758
652060,Denis Visinsky,26,3,Midfield,Czechia,/denis-visinsky/profil/spieler/652060
334802,Jan Kuchta,11,4,Forward,Czechia,/jan-kuchta/profil/spieler/334802
198614,Tomas Chory,19,4,Forward,Czechia,/tomas-chory/profil/spieler/198614
157672,Vladimír Coufal,5,2,Defender,Czechia,/vladimir-coufal/profil/spieler/157672
826103,Alexandr Sojka,24,3,Midfield,Czechia,/alexandr-sojka/profil/spieler/826103
242089,Jindrich Stanek,16,1,Goalkeeper,Czechia,/jindrich-stanek/profil/spieler/242089
216278,Tomas Holes,3,2,Defender,Czechia,/tomas-holes/profil/spieler/216278
142219,Jaroslav Zelený,20,2,Defender,Czechia,/jaroslav-zeleny/profil/spieler/142219
179643,Vladimír Darida,8,3,Midfield,Czechia,/vladimir-darida/profil/spieler/179643
927353,Johan Manzambi,9,3,Midfield,Switzerland,/johan-manzambi/profil/spieler/927353
257814,Gregor Kobel,1,1,Goalkeeper,Switzerland,/gregor-kobel/profil/spieler/257814
365108,Dan Ndoye,11,4,Forward,Switzerland,/dan-ndoye/profil/spieler/365108
608172,Ardon Jashari,14,3,Midfield,Switzerland,/ardon-jashari/profil/spieler/608172
346890,Noah Okafor,19,4,Forward,Switzerland,/noah-okafor/profil/spieler/346890
334526,Denis Zakaria,6,3,Midfield,Switzerland,/denis-zakaria/profil/spieler/334526
284730,Manuel Akanji,5,2,Defender,Switzerland,/manuel-akanji/profil/spieler/284730
237662,Breel Embolo,7,4,Forward,Switzerland,/breel-embolo/profil/spieler/237662
507341,Fabian Rieder,22,3,Midfield,Switzerland,/fabian-rieder/profil/spieler/507341
345886,Rubén Vargas,17,4,Forward,Switzerland,/ruben-vargas/profil/spieler/345886
635645,Aurèle Amenda,24,2,Defender,Switzerland,/aurele-amenda/profil/spieler/635645
539798,Luca Jaquez,25,2,Defender,Switzerland,/luca-jaquez/profil/spieler/539798
111455,Granit Xhaka,10,3,Midfield,Switzerland,/granit-xhaka/profil/spieler/111455
192635,Nico Elvedi,4,2,Defender,Switzerland,/nico-elvedi/profil/spieler/192635
212723,Djibril Sow,15,3,Midfield,Switzerland,/djibril-sow/profil/spieler/212723
548729,Zeki Amdouni,23,4,Forward,Switzerland,/zeki-amdouni/profil/spieler/548729
500763,Marvin Keller,21,1,Goalkeeper,Switzerland,/marvin-keller/profil/spieler/500763
298603,Miro Muheim,2,2,Defender,Switzerland,/miro-muheim/profil/spieler/298603
237658,Michel Aebischer,20,3,Midfield,Switzerland,/michel-aebischer/profil/spieler/237658
148252,Remo Freuler,8,3,Midfield,Switzerland,/remo-freuler/profil/spieler/148252
298583,Eray Cömert,18,2,Defender,Switzerland,/eray-comert/profil/spieler/298583
147051,Yvon Mvogo,12,1,Goalkeeper,Switzerland,/yvon-mvogo/profil/spieler/147051
250490,Christian Fassnacht,16,3,Midfield,Switzerland,/christian-fassnacht/profil/spieler/250490
243856,Cedric Itten,26,4,Forward,Switzerland,/cedric-itten/profil/spieler/243856
86784,Ricardo Rodríguez,13,2,Defender,Switzerland,/ricardo-rodriguez/profil/spieler/86784
168989,Silvan Widmer,3,2,Defender,Switzerland,/silvan-widmer/profil/spieler/168989
424204,Alphonso Davies,19,2,Defender,Canada,/alphonso-davies/profil/spieler/424204
533738,Jonathan David,10,4,Forward,Canada,/jonathan-david/profil/spieler/533738
921655,Ismaël Koné,8,3,Midfield,Canada,/ismael-kone/profil/spieler/921655
888785,Promise David,24,4,Forward,Canada,/promise-david/profil/spieler/888785
638793,Tajon Buchanan,17,4,Forward,Canada,/tajon-buchanan/profil/spieler/638793
637446,Alistair Johnston,2,2,Defender,Canada,/alistair-johnston/profil/spieler/637446
842420,Nathan-Dylan Saliba,25,3,Midfield,Canada,/nathan-dylan-saliba/profil/spieler/842420
1089202,Moïse Bombito,15,2,Defender,Canada,/moise-bombito/profil/spieler/1089202
972465,Tani Oluwaseyi,12,4,Forward,Canada,/tani-oluwaseyi/profil/spieler/972465
512913,Stephen Eustaquio,7,3,Midfield,Canada,/stephen-eustaquio/profil/spieler/512913
340990,Alfie Jones,3,2,Defender,Canada,/alfie-jones/profil/spieler/340990
995642,Ali Ahmed,20,3,Midfield,Canada,/ali-ahmed/profil/spieler/995642
1045375,Niko Sigur,23,3,Midfield,Canada,/niko-sigur/profil/spieler/1045375
439750,Dayne St. Clair,1,1,Goalkeeper,Canada,/dayne-st-clair/profil/spieler/439750
487417,Liam Millar,11,4,Forward,Canada,/liam-millar/profil/spieler/487417
343463,Cyle Larin,9,4,Forward,Canada,/cyle-larin/profil/spieler/343463
637632,Jacob Shaffelburg,14,4,Forward,Canada,/jacob-shaffelburg/profil/spieler/637632
328609,Derek Cornelius,13,2,Defender,Canada,/derek-cornelius/profil/spieler/328609
635445,Jayden Nelson,26,4,Forward,Canada,/jayden-nelson/profil/spieler/635445
441738,Joel Waterman,5,2,Defender,Canada,/joel-waterman/profil/spieler/441738
189014,Maxime Crépeau,16,1,Goalkeeper,Canada,/maxime-crepeau/profil/spieler/189014
921995,Luc De Fougerolles,4,2,Defender,Canada,/luc-de-fougerolles/profil/spieler/921995
417348,Richie Laryea,22,2,Defender,Canada,/richie-laryea/profil/spieler/417348
260807,Jonathan Osorio,21,3,Midfield,Canada,/jonathan-osorio/profil/spieler/260807
589006,Mathieu Choinière,6,3,Midfield,Canada,/mathieu-choiniere/profil/spieler/589006
814848,Owen Goodman,18,1,Goalkeeper,Canada,/owen-goodman/profil/spieler/814848
679423,Tarik Muharemović,4,2,Defender,Bosnia-Herzegovina,/tarik-muharemovic/profil/spieler/679423
929994,Kerim Alajbegovic,19,4,Forward,Bosnia-Herzegovina,/kerim-alajbegovic/profil/spieler/929994
335457,Ermedin Demirovic,10,4,Forward,Bosnia-Herzegovina,/ermedin-demirovic/profil/spieler/335457
519184,Amar Dedić,7,2,Defender,Bosnia-Herzegovina,/amar-dedic/profil/spieler/519184
925862,Esmir Bajraktarevic,20,4,Forward,Bosnia-Herzegovina,/esmir-bajraktarevic/profil/spieler/925862
803049,Ermin Mahmic,26,3,Midfield,Bosnia-Herzegovina,/ermin-mahmic/profil/spieler/803049
248454,Nikola Vasilj,1,1,Goalkeeper,Bosnia-Herzegovina,/nikola-vasilj/profil/spieler/248454
787907,Benjamin Tahirović,6,3,Midfield,Bosnia-Herzegovina,/benjamin-tahirovic/profil/spieler/787907
638990,Amar Memić,15,3,Midfield,Bosnia-Herzegovina,/amar-memic/profil/spieler/638990
94005,Sead Kolasinac,5,2,Defender,Bosnia-Herzegovina,/sead-kolasinac/profil/spieler/94005
293213,Amir Hadziahmetovic,16,3,Midfield,Bosnia-Herzegovina,/amir-hadziahmetovic/profil/spieler/293213
203123,Haris Tabakovic,23,4,Forward,Bosnia-Herzegovina,/haris-tabakovic/profil/spieler/203123
384568,Stjepan Radeljic,21,2,Defender,Bosnia-Herzegovina,/stjepan-radeljic/profil/spieler/384568
651269,Armin Gigovic,8,3,Midfield,Bosnia-Herzegovina,/armin-gigovic/profil/spieler/651269
457738,Jovo Lukić,25,4,Forward,Bosnia-Herzegovina,/jovo-lukic/profil/spieler/457738
495320,Martin Zlomislic,22,1,Goalkeeper,Bosnia-Herzegovina,/martin-zlomislic/profil/spieler/495320
226097,Ivan Šunjić,14,3,Midfield,Bosnia-Herzegovina,/ivan-sunjic/profil/spieler/226097
422051,Nikola Katic,18,2,Defender,Bosnia-Herzegovina,/nikola-katic/profil/spieler/422051
805534,Arjan Malic,24,2,Defender,Bosnia-Herzegovina,/arjan-malic/profil/spieler/805534
620560,Ivan Basic,13,3,Midfield,Bosnia-Herzegovina,/ivan-basic/profil/spieler/620560
710969,Samed Bazdar,9,4,Forward,Bosnia-Herzegovina,/samed-bazdar/profil/spieler/710969
380919,Nihad Mujakic,2,2,Defender,Bosnia-Herzegovina,/nihad-mujakic/profil/spieler/380919
322065,Dennis Hadzikadunic,3,2,Defender,Bosnia-Herzegovina,/dennis-hadzikadunic/profil/spieler/322065
251295,Dzenis Burnic,17,3,Midfield,Bosnia-Herzegovina,/dzenis-burnic/profil/spieler/251295
28396,Edin Dzeko,11,4,Forward,Bosnia-Herzegovina,/edin-dzeko/profil/spieler/28396
952692,Mladen Jurkas,12,1,Goalkeeper,Bosnia-Herzegovina,/mladen-jurkas/profil/spieler/952692
336646,Akram Afif,11,4,Forward,Qatar,/akram-afif/profil/spieler/336646
345095,Almoez Ali,19,4,Forward,Qatar,/almoez-ali/profil/spieler/345095
237846,Edmílson Junior,8,4,Forward,Qatar,/edmilson-junior/profil/spieler/237846
560423,Meshaal Barsham,22,1,Goalkeeper,Qatar,/meshaal-barsham/profil/spieler/560423
822935,Mohamed Manai,26,3,Midfield,Qatar,/mohamed-manai/profil/spieler/822935
735813,Jassem Gaber,5,3,Midfield,Qatar,/jassem-gaber/profil/spieler/735813
670659,Ahmed Al-Ganehi,17,4,Forward,Qatar,/ahmed-al-ganehi/profil/spieler/670659
556713,Homam Al-Amin,14,2,Defender,Qatar,/homam-al-amin/profil/spieler/556713
669629,Mahmoud Abunada,1,1,Goalkeeper,Qatar,/mahmoud-abunada/profil/spieler/669629
632912,Salah Zakaria,21,1,Goalkeeper,Qatar,/salah-zakaria/profil/spieler/632912
1054631,Ayoub Al-Oui,13,2,Defender,Qatar,/ayoub-al-oui/profil/spieler/1054631
83983,Lucas Mendes,3,2,Defender,Qatar,/lucas-mendes/profil/spieler/83983
336667,Assim Madibo,23,3,Midfield,Qatar,/assim-madibo/profil/spieler/336667
86286,Hassan Al-Haydos,10,3,Midfield,Qatar,/hassan-al-haydos/profil/spieler/86286
336665,Sultan Al-Brake,18,2,Defender,Qatar,/sultan-al-brake/profil/spieler/336665
187987,Ahmed Alaaeldin,7,4,Forward,Qatar,/ahmed-alaaeldin/profil/spieler/187987
589099,Yusuf Abdurisag,15,4,Forward,Qatar,/yusuf-abdurisag/profil/spieler/589099
251183,Ahmed Fathi,20,3,Midfield,Qatar,/ahmed-fathi/profil/spieler/251183
943150,Al-Hashmi Al-Hussain,25,2,Defender,Qatar,/al-hashmi-al-hussain/profil/spieler/943150
113915,Abdulaziz Hatim,6,3,Midfield,Qatar,/abdulaziz-hatim/profil/spieler/113915
266935,Mohammed Muntari,9,4,Forward,Qatar,/mohammed-muntari/profil/spieler/266935
222669,Boualem Khoukhi,16,2,Defender,Qatar,/boualem-khoukhi/profil/spieler/222669
1143849,Tahsin Mohammed Jamshid,24,4,Forward,Qatar,/tahsin-mohammed-jamshid/profil/spieler/1143849
1264176,Issa Laye,4,2,Defender,Qatar,/issa-laye/profil/spieler/1264176
222385,Karim Boudiaf,12,3,Midfield,Qatar,/karim-boudiaf/profil/spieler/222385
228727,Pedro Miguel,2,2,Defender,Qatar,/pedro-miguel/profil/spieler/228727
371998,Vinicius Junior,7,4,Forward,Brazil,/vinicius-junior/profil/spieler/371998
517894,Matheus Cunha,9,4,Forward,Brazil,/matheus-cunha/profil/spieler/517894
435338,Gabriel,3,2,Defender,Brazil,/gabriel/profil/spieler/435338
520624,Bruno Guimarães,8,3,Midfield,Brazil,/bruno-guimaraes/profil/spieler/520624
411295,Raphinha,11,4,Forward,Brazil,/raphinha/profil/spieler/411295
739443,Igor Thiago,25,4,Forward,Brazil,/igor-thiago/profil/spieler/739443
1012564,Rayan,26,4,Forward,Brazil,/rayan/profil/spieler/1012564
607854,Éderson,2,3,Midfield,Brazil,/ederson/profil/spieler/607854
655488,Gabriel Martinelli,22,4,Forward,Brazil,/gabriel-martinelli/profil/spieler/655488
971570,Endrick,19,4,Forward,Brazil,/endrick/profil/spieler/971570
516716,Bremer,14,2,Defender,Brazil,/bremer/profil/spieler/516716
444523,Lucas Paquetá,20,3,Midfield,Brazil,/lucas-paqueta/profil/spieler/444523
808509,Danilo,18,3,Midfield,Brazil,/danilo/profil/spieler/808509
181767,Marquinhos,4,2,Defender,Brazil,/marquinhos/profil/spieler/181767
800175,Luiz Henrique,21,4,Forward,Brazil,/luiz-henrique/profil/spieler/800175
524481,Roger Ibañez,24,2,Defender,Brazil,/roger-ibanez/profil/spieler/524481
105470,Alisson,1,1,Goalkeeper,Brazil,/alisson/profil/spieler/105470
225693,Fabinho,17,3,Midfield,Brazil,/fabinho/profil/spieler/225693
288431,Léo Pereira,15,2,Defender,Brazil,/leo-pereira/profil/spieler/288431
238223,Ederson,23,1,Goalkeeper,Brazil,/ederson/profil/spieler/238223
68290,Neymar,10,3,Midfield,Brazil,/neymar/profil/spieler/68290
220793,Douglas Santos,16,2,Defender,Brazil,/douglas-santos/profil/spieler/220793
16306,Casemiro,5,3,Midfield,Brazil,/casemiro/profil/spieler/16306
145707,Danilo,13,2,Defender,Brazil,/danilo/profil/spieler/145707
79960,Alex Sandro,6,2,Defender,Brazil,/alex-sandro/profil/spieler/79960
69400,Weverton,12,1,Goalkeeper,Brazil,/weverton/profil/spieler/69400
398073,Achraf Hakimi,2,2,Defender,Morocco,/achraf-hakimi/profil/spieler/398073
1097139,Ayyoub Bouaddi,6,3,Midfield,Morocco,/ayyoub-bouaddi/profil/spieler/1097139
702869,Ismael Saibari,11,3,Midfield,Morocco,/ismael-saibari/profil/spieler/702869
314678,Brahim Díaz,10,4,Forward,Morocco,/brahim-diaz/profil/spieler/314678
654982,Bilal El Khannouss,23,3,Midfield,Morocco,/bilal-el-khannouss/profil/spieler/654982
743384,Chemsdine Talbi,7,4,Forward,Morocco,/chemsdine-talbi/profil/spieler/743384
901019,Neil El Aynaoui,24,3,Midfield,Morocco,/neil-el-aynaoui/profil/spieler/901019
1130514,Samir El Mourabet,15,3,Midfield,Morocco,/samir-el-mourabet/profil/spieler/1130514
340456,Noussair Mazraoui,3,2,Defender,Morocco,/noussair-mazraoui/profil/spieler/340456
820474,Zakaria El Ouahdi,13,2,Defender,Morocco,/zakaria-el-ouahdi/profil/spieler/820474
689637,Chadi Riad,18,2,Defender,Morocco,/chadi-riad/profil/spieler/689637
485584,Anass Salah-Eddine,26,2,Defender,Morocco,/anass-salah-eddine/profil/spieler/485584
1151929,Gessime Yassine,16,4,Forward,Morocco,/gessime-yassine/profil/spieler/1151929
593482,Azzedine Ounahi,8,3,Midfield,Morocco,/azzedine-ounahi/profil/spieler/593482
799993,Ayoube Amaimouni-Echghouyab,21,4,Forward,Morocco,/ayoube-amaimouni-echghouyab/profil/spieler/799993
287579,Sofyan Amrabat,4,3,Midfield,Morocco,/sofyan-amrabat/profil/spieler/287579
272622,Issa Diop,14,2,Defender,Morocco,/issa-diop/profil/spieler/272622
598506,Soufiane Rahimi,9,4,Forward,Morocco,/soufiane-rahimi/profil/spieler/598506
913660,Redouane Halhal,25,2,Defender,Morocco,/redouane-halhal/profil/spieler/913660
521127,Ayoub El Kaabi,20,4,Forward,Morocco,/ayoub-el-kaabi/profil/spieler/521127
851220,Amine Sbaï,17,4,Forward,Morocco,/amine-sbai/profil/spieler/851220
207834,Yassine Bounou,1,1,Goalkeeper,Morocco,/yassine-bounou/profil/spieler/207834
518804,Youssef Belammari,19,2,Defender,Morocco,/youssef-belammari/profil/spieler/518804
238997,Ahmed Reda Tagnaouti,22,1,Goalkeeper,Morocco,/ahmed-reda-tagnaouti/profil/spieler/238997
97925,Munir El Kajoui,12,1,Goalkeeper,Morocco,/munir-el-kajoui/profil/spieler/97925
210009,Marwane Saadane,5,2,Defender,Morocco,/marwane-saadane/profil/spieler/210009
315969,Scott McTominay,4,3,Midfield,Scotland,/scott-mctominay/profil/spieler/315969
591949,Aaron Hickey,2,2,Defender,Scotland,/aaron-hickey/profil/spieler/591949
719673,Ben Gannon-Doak,17,4,Forward,Scotland,/ben-gannon-doak/profil/spieler/719673
428563,Lewis Ferguson,19,3,Midfield,Scotland,/lewis-ferguson/profil/spieler/428563
193116,John McGinn,7,3,Midfield,Scotland,/john-mcginn/profil/spieler/193116
424015,Nathan Patterson,22,2,Defender,Scotland,/nathan-patterson/profil/spieler/424015
420808,George Hirst,18,4,Forward,Scotland,/george-hirst/profil/spieler/420808
188077,Ryan Christie,11,3,Midfield,Scotland,/ryan-christie/profil/spieler/188077
300716,Kieran Tierney,6,2,Defender,Scotland,/kieran-tierney/profil/spieler/300716
234803,Andrew Robertson,3,2,Defender,Scotland,/andrew-robertson/profil/spieler/234803
346779,Ché Adams,10,4,Forward,Scotland,/che-adams/profil/spieler/346779
255906,Scott McKenna,26,2,Defender,Scotland,/scott-mckenna/profil/spieler/255906
225744,Lawrence Shankland,20,4,Forward,Scotland,/lawrence-shankland/profil/spieler/225744
447995,Ross Stewart,14,4,Forward,Scotland,/ross-stewart/profil/spieler/447995
363223,Jack Hendry,13,2,Defender,Scotland,/jack-hendry/profil/spieler/363223
1082993,Findlay Curtis,25,4,Forward,Scotland,/findlay-curtis/profil/spieler/1082993
263268,Dominic Hyam,16,2,Defender,Scotland,/dominic-hyam/profil/spieler/263268
235767,John Souttar,15,2,Defender,Scotland,/john-souttar/profil/spieler/235767
388171,Anthony Ralston,24,2,Defender,Scotland,/anthony-ralston/profil/spieler/388171
1049911,Tyler Fletcher,8,3,Midfield,Scotland,/tyler-fletcher/profil/spieler/1049911
201574,Angus Gunn,1,1,Goalkeeper,Scotland,/angus-gunn/profil/spieler/201574
347138,Lyndon Dykes,9,4,Forward,Scotland,/lyndon-dykes/profil/spieler/347138
208772,Liam Kelly,12,1,Goalkeeper,Scotland,/liam-kelly/profil/spieler/208772
126600,Kenny McLean,23,3,Midfield,Scotland,/kenny-mclean/profil/spieler/126600
121385,Grant Hanley,5,2,Defender,Scotland,/grant-hanley/profil/spieler/121385
12589,Craig Gordon,21,1,Goalkeeper,Scotland,/craig-gordon/profil/spieler/12589
494237,Wilson Isidor,18,4,Forward,Haiti,/wilson-isidor/profil/spieler/494237
450050,Jean-Ricner Bellegarde,10,3,Midfield,Haiti,/jean-ricner-bellegarde/profil/spieler/450050
763182,Josué Casimir,21,4,Forward,Haiti,/josue-casimir/profil/spieler/763182
628834,Danley Jean Jacques,17,3,Midfield,Haiti,/danley-jean-jacques/profil/spieler/628834
338635,Hannes Delcroix,5,2,Defender,Haiti,/hannes-delcroix/profil/spieler/338635
815359,Lenny Joseph,16,4,Forward,Haiti,/lenny-joseph/profil/spieler/815359
344864,Jean-Kévin Duverne,22,2,Defender,Haiti,/jean-kevin-duverne/profil/spieler/344864
371686,Carlens Arcus,2,2,Defender,Haiti,/carlens-arcus/profil/spieler/371686
492955,Frantzdy Pierrot,20,4,Forward,Haiti,/frantzdy-pierrot/profil/spieler/492955
646108,Louicius Deedson,11,4,Forward,Haiti,/louicius-deedson/profil/spieler/646108
345763,Duckens Nazon,9,4,Forward,Haiti,/duckens-nazon/profil/spieler/345763
354763,Derrick Etienne Jr.,7,4,Forward,Haiti,/derrick-etienne-jr-/profil/spieler/354763
609691,Wilguens Paugain,24,2,Defender,Haiti,/wilguens-paugain/profil/spieler/609691
838947,Alexandre Pierre,12,1,Goalkeeper,Haiti,/alexandre-pierre/profil/spieler/838947
804885,Martin Expérience,8,2,Defender,Haiti,/martin-experience/profil/spieler/804885
278145,Ricardo Adé,4,2,Defender,Haiti,/ricardo-ade/profil/spieler/278145
536520,Ruben Providence,15,4,Forward,Haiti,/ruben-providence/profil/spieler/536520
342878,Yassin Fortuné,19,4,Forward,Haiti,/yassin-fortune/profil/spieler/342878
859175,Garven Metusala,6,2,Defender,Haiti,/garven-metusala/profil/spieler/859175
988188,Dominique Simon,25,3,Midfield,Haiti,/dominique-simon/profil/spieler/988188
51035,Johny Placide,1,1,Goalkeeper,Haiti,/johny-placide/profil/spieler/51035
718244,Carl Sainté,6,3,Midfield,Haiti,/carl-sainte/profil/spieler/718244
375472,Duke Lacroix,13,2,Defender,Haiti,/duke-lacroix/profil/spieler/375472
1017735,Woodensky Pierre,26,3,Midfield,Haiti,/woodensky-pierre/profil/spieler/1017735
1061046,Keeto Thermoncy,3,2,Defender,Haiti,/keeto-thermoncy/profil/spieler/1061046
490369,Josué Duverger,23,1,Goalkeeper,Haiti,/josue-duverger/profil/spieler/490369
315779,Christian Pulisic,10,4,Forward,United States,/christian-pulisic/profil/spieler/315779
503770,Folarin Balogun,20,4,Forward,United States,/folarin-balogun/profil/spieler/503770
332697,Weston McKennie,8,3,Midfield,United States,/weston-mckennie/profil/spieler/332697
627207,Ricardo Pepi,9,4,Forward,United States,/ricardo-pepi/profil/spieler/627207
467437,Malik Tillman,17,3,Midfield,United States,/malik-tillman/profil/spieler/467437
578539,Chris Richards,3,2,Defender,United States,/chris-richards/profil/spieler/578539
332705,Tyler Adams,4,3,Midfield,United States,/tyler-adams/profil/spieler/332705
349701,Antonee Robinson,5,2,Defender,United States,/antonee-robinson/profil/spieler/349701
393323,Brenden Aaronson,11,3,Midfield,United States,/brenden-aaronson/profil/spieler/393323
370846,Timothy Weah,21,3,Midfield,United States,/timothy-weah/profil/spieler/370846
361104,Sergiño Dest,2,2,Defender,United States,/sergino-dest/profil/spieler/361104
315291,Haji Wright,19,4,Forward,United States,/haji-wright/profil/spieler/315291
351505,Álex Zendejas,26,4,Forward,United States,/alex-zendejas/profil/spieler/351505
734761,Sebastian Berhalter,14,3,Midfield,United States,/sebastian-berhalter/profil/spieler/734761
429259,Mark McKenzie,22,2,Defender,United States,/mark-mckenzie/profil/spieler/429259
504153,Joe Scally,23,2,Defender,United States,/joe-scally/profil/spieler/504153
389253,Auston Trusty,6,2,Defender,United States,/auston-trusty/profil/spieler/389253
993063,Max Arfsten,18,4,Forward,United States,/max-arfsten/profil/spieler/993063
504215,Giovanni Reyna,7,3,Midfield,United States,/giovanni-reyna/profil/spieler/504215
468022,Miles Robinson,12,2,Defender,United States,/miles-robinson/profil/spieler/468022
354792,Cristian Roldán,15,3,Midfield,United States,/cristian-roldan/profil/spieler/354792
985806,Alex Freeman,16,2,Defender,United States,/alex-freeman/profil/spieler/985806
425306,Matt Turner,1,1,Goalkeeper,United States,/matt-turner/profil/spieler/425306
765504,Chris Brady,25,1,Goalkeeper,United States,/chris-brady/profil/spieler/765504
500309,Matt Freese,24,1,Goalkeeper,United States,/matt-freese/profil/spieler/500309
145466,Tim Ream,13,2,Defender,United States,/tim-ream/profil/spieler/145466
867137,Alessandro Circati,3,2,Defender,Australia,/alessandro-circati/profil/spieler/867137
855731,Jordan Bos,5,2,Defender,Australia,/jordan-bos/profil/spieler/855731
746891,Cristian Volpato,20,3,Midfield,Australia,/cristian-volpato/profil/spieler/746891
956920,Nestory Irankunda,17,4,Forward,Australia,/nestory-irankunda/profil/spieler/956920
742770,Mohamed Touré,9,4,Forward,Australia,/mohamed-toure/profil/spieler/742770
1279984,Lucas Herrington,25,2,Defender,Australia,/lucas-herrington/profil/spieler/1279984
298091,Harry Souttar,19,2,Defender,Australia,/harry-souttar/profil/spieler/298091
385918,Aiden O'Neill,13,3,Midfield,Australia,/aiden-oneill/profil/spieler/385918
399162,Cammy Devlin,14,3,Midfield,Australia,/cammy-devlin/profil/spieler/399162
128969,Mathew Ryan,1,1,Goalkeeper,Australia,/mathew-ryan/profil/spieler/128969
691326,Kai Trewin,15,3,Midfield,Australia,/kai-trewin/profil/spieler/691326
255788,Cameron Burgess,21,2,Defender,Australia,/cameron-burgess/profil/spieler/255788
522223,Connor Metcalfe,8,3,Midfield,Australia,/connor-metcalfe/profil/spieler/522223
1064377,Paul Okon-Engstler,24,3,Midfield,Australia,/paul-okon-engstler/profil/spieler/1064377
192557,Jackson Irvine,22,3,Midfield,Australia,/jackson-irvine/profil/spieler/192557
983578,Patrick Beach,18,1,Goalkeeper,Australia,/patrick-beach/profil/spieler/983578
888140,Nishan Velupillay,23,4,Forward,Australia,/nishan-velupillay/profil/spieler/888140
265625,Ajdin Hrustic,10,3,Midfield,Australia,/ajdin-hrustic/profil/spieler/265625
545810,Jacob Italiano,4,2,Defender,Australia,/jacob-italiano/profil/spieler/545810
255729,Awer Mabil,11,4,Forward,Australia,/awer-mabil/profil/spieler/255729
181921,Paul Izzo,12,1,Goalkeeper,Australia,/paul-izzo/profil/spieler/181921
187353,Milos Degenek,2,2,Defender,Australia,/milos-degenek/profil/spieler/187353
849429,Tete Yengi,26,4,Forward,Australia,/tete-yengi/profil/spieler/849429
185175,Jason Geria,6,2,Defender,Australia,/jason-geria/profil/spieler/185175
126214,Mathew Leckie,7,4,Forward,Australia,/mathew-leckie/profil/spieler/126214
136834,Aziz Behich,16,2,Defender,Australia,/aziz-behich/profil/spieler/136834
996897,Diego Gómez,8,3,Midfield,Paraguay,/diego-gomez/profil/spieler/996897
660867,Julio Enciso,19,3,Midfield,Paraguay,/julio-enciso/profil/spieler/660867
678439,Mauricio,11,3,Midfield,Paraguay,/mauricio/profil/spieler/678439
353032,Omar Alderete,3,2,Defender,Paraguay,/omar-alderete/profil/spieler/353032
745191,Ramón Sosa,7,4,Forward,Paraguay,/ramon-sosa/profil/spieler/745191
675178,Isidro Pitta,25,4,Forward,Paraguay,/isidro-pitta/profil/spieler/675178
272999,Miguel Almirón,10,4,Forward,Paraguay,/miguel-almiron/profil/spieler/272999
861852,Damián Bobadilla,16,3,Midfield,Paraguay,/damian-bobadilla/profil/spieler/861852
643259,Orlando Gill,12,1,Goalkeeper,Paraguay,/orlando-gill/profil/spieler/643259
756494,Juan José Cáceres,4,2,Defender,Paraguay,/juan-jose-caceres/profil/spieler/756494
323872,Andrés Cubas,14,3,Midfield,Paraguay,/andres-cubas/profil/spieler/323872
355817,Kaku,17,3,Midfield,Paraguay,/kaku/profil/spieler/355817
215390,Gustavo Gómez,15,2,Defender,Paraguay,/gustavo-gomez/profil/spieler/215390
970518,Álex Arce,18,4,Forward,Paraguay,/alex-arce/profil/spieler/970518
491596,Braian Ojeda,20,3,Midfield,Paraguay,/braian-ojeda/profil/spieler/491596
661269,Matías Galarza,23,3,Midfield,Paraguay,/matias-galarza/profil/spieler/661269
1371519,Alexandro Maidana,26,2,Defender,Paraguay,/alexandro-maidana/profil/spieler/1371519
402627,José Canale,13,2,Defender,Paraguay,/jose-canale/profil/spieler/402627
234523,Antonio Sanabria,9,4,Forward,Paraguay,/antonio-sanabria/profil/spieler/234523
273000,Júnior Alonso,6,2,Defender,Paraguay,/junior-alonso/profil/spieler/273000
891672,Gustavo Caballero,24,4,Forward,Paraguay,/gustavo-caballero/profil/spieler/891672
285548,Fabián Balbuena,5,2,Defender,Paraguay,/fabian-balbuena/profil/spieler/285548
358418,Gabriel Ávalos,21,4,Forward,Paraguay,/gabriel-avalos/profil/spieler/358418
301722,Gastón Olveira,22,1,Goalkeeper,Paraguay,/gaston-olveira/profil/spieler/301722
389399,Gustavo Velázquez,2,2,Defender,Paraguay,/gustavo-velazquez/profil/spieler/389399
107318,Roberto Fernández,1,1,Goalkeeper,Paraguay,/roberto-fernandez/profil/spieler/107318
861410,Arda Güler,8,3,Midfield,Turkiye,/arda-guler/profil/spieler/861410
845654,Kenan Yıldız,11,4,Forward,Turkiye,/kenan-yildiz/profil/spieler/845654
816585,Can Uzun,26,3,Midfield,Turkiye,/can-uzun/profil/spieler/816585
369316,Ferdi Kadıoğlu,20,2,Defender,Turkiye,/ferdi-kadioglu/profil/spieler/369316
541537,Barış Alper Yılmaz,21,4,Forward,Turkiye,/baris-alper-yilmaz/profil/spieler/541537
454567,Orkun Kökçü,6,3,Midfield,Turkiye,/orkun-kokcu/profil/spieler/454567
382528,Kerem Aktürkoğlu,7,4,Forward,Turkiye,/kerem-akturkoglu/profil/spieler/382528
396908,Yunus Akgün,19,4,Forward,Turkiye,/yunus-akgun/profil/spieler/396908
126414,Hakan Çalhanoğlu,10,3,Midfield,Turkiye,/hakan-calhanoglu/profil/spieler/126414
292199,Uğurcan Çakır,23,1,Goalkeeper,Turkiye,/ugurcan-cakir/profil/spieler/292199
613725,İsmail Yüksek,16,3,Midfield,Turkiye,/ismail-yuksek/profil/spieler/613725
361260,Ozan Kabak,15,2,Defender,Turkiye,/ozan-kabak/profil/spieler/361260
251075,Zeki Çelik,2,2,Defender,Turkiye,/zeki-celik/profil/spieler/251075
340879,Merih Demiral,3,2,Defender,Turkiye,/merih-demiral/profil/spieler/340879
563749,Oğuz Aydın,24,4,Forward,Turkiye,/oguz-aydin/profil/spieler/563749
353922,Mert Müldür,18,2,Defender,Turkiye,/mert-muldur/profil/spieler/353922
199316,Abdülkerim Bardakcı,14,2,Defender,Turkiye,/abdulkerim-bardakci/profil/spieler/199316
616894,Eren Elmalı,13,2,Defender,Turkiye,/eren-elmali/profil/spieler/616894
1063292,Deniz Gül,9,4,Forward,Turkiye,/deniz-gul/profil/spieler/1063292
336077,Altay Bayındır,12,1,Goalkeeper,Turkiye,/altay-bayindir/profil/spieler/336077
320141,Çağlar Söyüncü,4,2,Defender,Turkiye,/caglar-soyuncu/profil/spieler/320141
244940,Salih Özcan,5,3,Midfield,Turkiye,/salih-ozcan/profil/spieler/244940
216603,İrfan Can Kahveci,17,4,Forward,Turkiye,/irfan-can-kahveci/profil/spieler/216603
119031,Kaan Ayhan,22,3,Midfield,Turkiye,/kaan-ayhan/profil/spieler/119031
295024,Samet Akaydin,25,2,Defender,Turkiye,/samet-akaydin/profil/spieler/295024
51894,Mert Günok,1,1,Goalkeeper,Turkiye,/mert-gunok/profil/spieler/51894
598577,Florian Wirtz,17,3,Midfield,Germany,/florian-wirtz/profil/spieler/598577
580195,Jamal Musiala,10,3,Midfield,Germany,/jamal-musiala/profil/spieler/580195
792380,Aleksandar Pavlovic,5,3,Midfield,Germany,/aleksandar-pavlovic/profil/spieler/792380
388198,Nico Schlotterbeck,15,2,Defender,Germany,/nico-schlotterbeck/profil/spieler/388198
455661,Nick Woltemade,11,4,Forward,Germany,/nick-woltemade/profil/spieler/455661
309400,Kai Havertz,7,4,Forward,Germany,/kai-havertz/profil/spieler/309400
406640,Felix Nmecha,23,3,Midfield,Germany,/felix-nmecha/profil/spieler/406640
521964,Malick Thiaw,24,2,Defender,Germany,/malick-thiaw/profil/spieler/521964
443710,Angelo Stiller,16,3,Midfield,Germany,/angelo-stiller/profil/spieler/443710
518505,Jamie Leweling,9,4,Forward,Germany,/jamie-leweling/profil/spieler/518505
578392,Maximilian Beier,14,4,Forward,Germany,/maximilian-beier/profil/spieler/578392
691892,Nathaniel Brown,18,2,Defender,Germany,/nathaniel-brown/profil/spieler/691892
161056,Joshua Kimmich,6,3,Midfield,Germany,/joshua-kimmich/profil/spieler/161056
196357,Jonathan Tah,4,2,Defender,Germany,/jonathan-tah/profil/spieler/196357
897424,Assan Ouédraogo,25,3,Midfield,Germany,/assan-ouedraogo/profil/spieler/897424
318204,David Raum,22,2,Defender,Germany,/david-raum/profil/spieler/318204
339314,Deniz Undav,26,4,Forward,Germany,/deniz-undav/profil/spieler/339314
192565,Leroy Sané,19,4,Forward,Germany,/leroy-sane/profil/spieler/192565
193004,Waldemar Anton,3,2,Defender,Germany,/waldemar-anton/profil/spieler/193004
232454,Nadiem Amiri,20,3,Midfield,Germany,/nadiem-amiri/profil/spieler/232454
195778,Alexander Nübel,21,1,Goalkeeper,Germany,/alexander-nubel/profil/spieler/195778
153084,Leon Goretzka,8,3,Midfield,Germany,/leon-goretzka/profil/spieler/153084
86202,Antonio Rüdiger,2,2,Defender,Germany,/antonio-rudiger/profil/spieler/86202
17259,Manuel Neuer,1,1,Goalkeeper,Germany,/manuel-neuer/profil/spieler/17259
82873,Pascal Groß,13,3,Midfield,Germany,/pascal-gross/profil/spieler/82873
55089,Oliver Baumann,12,1,Goalkeeper,Germany,/oliver-baumann/profil/spieler/55089
1390649,Yan Diomande,11,4,Forward,Ivory Coast,/yan-diomande/profil/spieler/1390649
536835,Amad Diallo,15,4,Forward,Ivory Coast,/amad-diallo/profil/spieler/536835
974982,Ousmane Diomande,2,2,Defender,Ivory Coast,/ousmane-diomande/profil/spieler/974982
1067904,Bazoumana Touré,24,4,Forward,Ivory Coast,/bazoumana-toure/profil/spieler/1067904
371149,Evan Ndicka,21,2,Defender,Ivory Coast,/evan-ndicka/profil/spieler/371149
827734,Ange-Yoan Bonny,9,4,Forward,Ivory Coast,/ange-yoan-bonny/profil/spieler/827734
500689,Evann Guessand,22,4,Forward,Ivory Coast,/evann-guessand/profil/spieler/500689
1279526,Christ Inao Oulaï,26,3,Midfield,Ivory Coast,/christ-inao-oulai/profil/spieler/1279526
648779,Wilfried Singo,5,2,Defender,Ivory Coast,/wilfried-singo/profil/spieler/648779
658536,Simon Adingra,10,4,Forward,Ivory Coast,/simon-adingra/profil/spieler/658536
375885,Ibrahim Sangaré,18,3,Midfield,Ivory Coast,/ibrahim-sangare/profil/spieler/375885
711980,Guéla Doué,17,2,Defender,Ivory Coast,/guela-doue/profil/spieler/711980
659542,Elye Wahi,12,4,Forward,Ivory Coast,/elye-wahi/profil/spieler/659542
683895,Emmanuel Agbadou,20,2,Defender,Ivory Coast,/emmanuel-agbadou/profil/spieler/683895
644771,Odilon Kossounou,7,2,Defender,Ivory Coast,/odilon-kossounou/profil/spieler/644771
294808,Franck Kessié,8,3,Midfield,Ivory Coast,/franck-kessie/profil/spieler/294808
182893,Seko Fofana,6,3,Midfield,Ivory Coast,/seko-fofana/profil/spieler/182893
343052,Nicolas Pépé,19,4,Forward,Ivory Coast,/nicolas-pepe/profil/spieler/343052
624913,Parfait Guiagon,25,4,Forward,Ivory Coast,/parfait-guiagon/profil/spieler/624913
418651,Yahia Fofana,1,1,Goalkeeper,Ivory Coast,/yahia-fofana/profil/spieler/418651
847279,Oumar Diakité,14,4,Forward,Ivory Coast,/oumar-diakite/profil/spieler/847279
469976,Christopher Operi,13,2,Defender,Ivory Coast,/christopher-operi/profil/spieler/469976
422850,Ghislain Konan,3,2,Defender,Ivory Coast,/ghislain-konan/profil/spieler/422850
357117,Alban Lafont,23,1,Goalkeeper,Ivory Coast,/alban-lafont/profil/spieler/357117
911985,Mohamed Koné,16,1,Goalkeeper,Ivory Coast,/mohamed-kone/profil/spieler/911985
178614,Jean Michaël Seri,4,3,Midfield,Ivory Coast,/jean-michael-seri/profil/spieler/178614
687626,Moisés Caicedo,23,3,Midfield,Ecuador,/moises-caicedo/profil/spieler/687626
661171,Willian Pacho,6,2,Defender,Ecuador,/willian-pacho/profil/spieler/661171
659813,Piero Hincapié,3,2,Defender,Ecuador,/piero-hincapie/profil/spieler/659813
893661,Joel Ordóñez,4,2,Defender,Ecuador,/joel-ordonez/profil/spieler/893661
903611,Nilson Angulo,20,4,Forward,Ecuador,/nilson-angulo/profil/spieler/903611
349599,Pervis Estupiñán,7,2,Defender,Ecuador,/pervis-estupinan/profil/spieler/349599
592735,Gonzalo Plata,19,4,Forward,Ecuador,/gonzalo-plata/profil/spieler/592735
1052439,Kendry Páez,10,3,Midfield,Ecuador,/kendry-paez/profil/spieler/1052439
971663,Jeremy Arévalo,24,4,Forward,Ecuador,/jeremy-arevalo/profil/spieler/971663
941418,Denil Castillo,18,3,Midfield,Ecuador,/denil-castillo/profil/spieler/941418
659806,Pedro Vite,15,3,Midfield,Ecuador,/pedro-vite/profil/spieler/659806
684159,Kevin Rodríguez,11,4,Forward,Ecuador,/kevin-rodriguez/profil/spieler/684159
439914,John Yeboah,9,4,Forward,Ecuador,/john-yeboah/profil/spieler/439914
400960,Alan Franco,21,3,Midfield,Ecuador,/alan-franco/profil/spieler/400960
893659,Yaimar Medina,26,2,Defender,Ecuador,/yaimar-medina/profil/spieler/893659
450241,Angelo Preciado,17,2,Defender,Ecuador,/angelo-preciado/profil/spieler/450241
897051,Alan Minda,14,4,Forward,Ecuador,/alan-minda/profil/spieler/897051
491616,Jackson Porozo,25,2,Defender,Ecuador,/jackson-porozo/profil/spieler/491616
598145,Jordy Alcívar,5,3,Midfield,Ecuador,/jordy-alcivar/profil/spieler/598145
360412,Jordy Caicedo,16,4,Forward,Ecuador,/jordy-caicedo/profil/spieler/360412
351941,Gonzalo Valle,22,1,Goalkeeper,Ecuador,/gonzalo-valle/profil/spieler/351941
974374,Anthony Valencia,8,4,Forward,Ecuador,/anthony-valencia/profil/spieler/974374
468174,Félix Torres,2,2,Defender,Ecuador,/felix-torres/profil/spieler/468174
139503,Enner Valencia,13,4,Forward,Ecuador,/enner-valencia/profil/spieler/139503
450233,Moisés Ramírez,12,1,Goalkeeper,Ecuador,/moises-ramirez/profil/spieler/450233
77127,Hernán Galíndez,1,1,Goalkeeper,Ecuador,/hernan-galindez/profil/spieler/77127
339337,Armando Obispo,18,2,Defender,Curaçao,/armando-obispo/profil/spieler/339337
485582,Sontje Hansen,12,4,Forward,Curaçao,/sontje-hansen/profil/spieler/485582
344830,Tahith Chong,21,3,Midfield,Curaçao,/tahith-chong/profil/spieler/344830
348863,Juninho Bacuna,7,3,Midfield,Curaçao,/juninho-bacuna/profil/spieler/348863
708989,Deveron Fonville,24,2,Defender,Curaçao,/deveron-fonville/profil/spieler/708989
216443,Riechedly Bazoer,23,2,Defender,Curaçao,/riechedly-bazoer/profil/spieler/216443
412937,Shurandy Sambo,2,2,Defender,Curaçao,/shurandy-sambo/profil/spieler/412937
207006,Joshua Brenet,20,2,Defender,Curaçao,/joshua-brenet/profil/spieler/207006
538958,Jearl Margaritha,16,4,Forward,Curaçao,/jearl-margaritha/profil/spieler/538958
594273,Jeremy Antonisse,11,4,Forward,Curaçao,/jeremy-antonisse/profil/spieler/594273
315211,Sherel Floranus,5,2,Defender,Curaçao,/sherel-floranus/profil/spieler/315211
708005,Tyrese Noslin,13,3,Midfield,Curaçao,/tyrese-noslin/profil/spieler/708005
572519,Ar'jany Martha,15,4,Forward,Curaçao,/arjany-martha/profil/spieler/572519
374889,Kenji Gorré,14,4,Forward,Curaçao,/kenji-gorre/profil/spieler/374889
626764,Livano Comenencia,8,2,Defender,Curaçao,/livano-comenencia/profil/spieler/626764
433933,Kevin Felida,22,3,Midfield,Curaçao,/kevin-felida/profil/spieler/433933
401029,Roshon van Eijma,4,2,Defender,Curaçao,/roshon-van-eijma/profil/spieler/401029
328455,Juriën Gaari,3,2,Defender,Curaçao,/jurien-gaari/profil/spieler/328455
393241,Godfried Roemeratoe,6,3,Midfield,Curaçao,/godfried-roemeratoe/profil/spieler/393241
126014,Leandro Bacuna,10,3,Midfield,Curaçao,/leandro-bacuna/profil/spieler/126014
232219,Brandley Kuwas,17,4,Forward,Curaçao,/brandley-kuwas/profil/spieler/232219
240752,Gervane Kastaneer,19,4,Forward,Curaçao,/gervane-kastaneer/profil/spieler/240752
166240,Jürgen Locadia,9,4,Forward,Curaçao,/jurgen-locadia/profil/spieler/166240
79294,Eloy Room,1,1,Goalkeeper,Curaçao,/eloy-room/profil/spieler/79294
390814,Trevor Doornbusch,26,1,Goalkeeper,Curaçao,/trevor-doornbusch/profil/spieler/390814
663961,Tyrick Bodak,25,1,Goalkeeper,Curaçao,/tyrick-bodak/profil/spieler/663961
478573,Ryan Gravenberch,8,3,Midfield,Netherlands,/ryan-gravenberch/profil/spieler/478573
434675,Cody Gakpo,11,4,Forward,Netherlands,/cody-gakpo/profil/spieler/434675
557459,Micky van de Ven,15,2,Defender,Netherlands,/micky-van-de-ven/profil/spieler/557459
460939,Tijjani Reijnders,14,3,Midfield,Netherlands,/tijjani-reijnders/profil/spieler/460939
576314,Jan Paul van Hecke,6,2,Defender,Netherlands,/jan-paul-van-hecke/profil/spieler/576314
326029,Donyell Malen,18,4,Forward,Netherlands,/donyell-malen/profil/spieler/326029
904802,Jorrel Hato,25,2,Defender,Netherlands,/jorrel-hato/profil/spieler/904802
565093,Bart Verbruggen,1,1,Goalkeeper,Netherlands,/bart-verbruggen/profil/spieler/565093
326330,Frenkie de Jong,21,3,Midfield,Netherlands,/frenkie-de-jong/profil/spieler/326330
474701,Crysencio Summerville,24,4,Forward,Netherlands,/crysencio-summerville/profil/spieler/474701
473169,Brian Brobbey,19,4,Forward,Netherlands,/brian-brobbey/profil/spieler/473169
646991,Robin Roefs,13,1,Goalkeeper,Netherlands,/robin-roefs/profil/spieler/646991
415381,Mats Wieffer,12,2,Defender,Netherlands,/mats-wieffer/profil/spieler/415381
420213,Quinten Timber,26,3,Midfield,Netherlands,/quinten-timber/profil/spieler/420213
330659,Justin Kluivert,7,3,Midfield,Netherlands,/justin-kluivert/profil/spieler/330659
321528,Denzel Dumfries,22,2,Defender,Netherlands,/denzel-dumfries/profil/spieler/321528
339332,Noa Lang,17,4,Forward,Netherlands,/noa-lang/profil/spieler/339332
420210,Lutsharel Geertruida,2,2,Defender,Netherlands,/lutsharel-geertruida/profil/spieler/420210
372267,Guus Til,16,3,Midfield,Netherlands,/guus-til/profil/spieler/372267
139208,Virgil van Dijk,4,2,Defender,Netherlands,/virgil-van-dijk/profil/spieler/139208
360518,Teun Koopmeiners,20,3,Midfield,Netherlands,/teun-koopmeiners/profil/spieler/360518
177476,Nathan Aké,5,2,Defender,Netherlands,/nathan-ake/profil/spieler/177476
167850,Memphis Depay,10,4,Forward,Netherlands,/memphis-depay/profil/spieler/167850
125714,Mark Flekken,23,1,Goalkeeper,Netherlands,/mark-flekken/profil/spieler/125714
133179,Marten de Roon,3,3,Midfield,Netherlands,/marten-de-roon/profil/spieler/133179
228645,Wout Weghorst,9,4,Forward,Netherlands,/wout-weghorst/profil/spieler/228645
643574,Kaishu Sano,24,3,Midfield,Japan,/kaishu-sano/profil/spieler/643574
668606,Yuito Suzuki,17,4,Forward,Japan,/yuito-suzuki/profil/spieler/668606
432298,Zion Suzuki,1,1,Goalkeeper,Japan,/zion-suzuki/profil/spieler/432298
405398,Takefusa Kubo,8,4,Forward,Japan,/takefusa-kubo/profil/spieler/405398
353892,Hiroki Ito,21,2,Defender,Japan,/hiroki-ito/profil/spieler/353892
589128,Ayase Ueda,18,4,Forward,Japan,/ayase-ueda/profil/spieler/589128
358504,Ritsu Doan,10,4,Forward,Japan,/ritsu-doan/profil/spieler/358504
489359,Ao Tanaka,7,3,Midfield,Japan,/ao-tanaka/profil/spieler/489359
420931,Daizen Maeda,11,4,Forward,Japan,/daizen-maeda/profil/spieler/420931
405397,Keito Nakamura,13,4,Forward,Japan,/keito-nakamura/profil/spieler/405397
598791,Tsuyoshi Watanabe,16,2,Defender,Japan,/tsuyoshi-watanabe/profil/spieler/598791
356141,Daichi Kamada,15,3,Midfield,Japan,/daichi-kamada/profil/spieler/356141
916623,Keisuke Goto,9,4,Forward,Japan,/keisuke-goto/profil/spieler/916623
355816,Ko Itakura,4,2,Defender,Japan,/ko-itakura/profil/spieler/355816
1144627,Kento Shiogai,26,4,Forward,Japan,/kento-shiogai/profil/spieler/1144627
405385,Yukinari Sugawara,2,2,Defender,Japan,/yukinari-sugawara/profil/spieler/405385
405389,Ayumu Seko,20,2,Defender,Japan,/ayumu-seko/profil/spieler/405389
331560,Takehiro Tomiyasu,22,2,Defender,Japan,/takehiro-tomiyasu/profil/spieler/331560
550580,Shuto Machino,6,4,Forward,Japan,/shuto-machino/profil/spieler/550580
848856,Junnosuke Suzuki,25,2,Defender,Japan,/junnosuke-suzuki/profil/spieler/848856
348791,Junya Ito,14,4,Forward,Japan,/junya-ito/profil/spieler/348791
415521,Keisuke Osako,12,1,Goalkeeper,Japan,/keisuke-osako/profil/spieler/415521
683271,Tomoki Hayakawa,23,1,Goalkeeper,Japan,/tomoki-hayakawa/profil/spieler/683271
351567,Koki Ogawa,19,4,Forward,Japan,/koki-ogawa/profil/spieler/351567
307870,Shogo Taniguchi,3,2,Defender,Japan,/shogo-taniguchi/profil/spieler/307870
79522,Yuto Nagatomo,5,2,Defender,Japan,/yuto-nagatomo/profil/spieler/79522
349066,Alexander Isak,9,4,Forward,Sweden,/alexander-isak/profil/spieler/349066
325443,Viktor Gyökeres,17,4,Forward,Sweden,/viktor-gyokeres/profil/spieler/325443
866246,Lucas Bergvall,7,3,Midfield,Sweden,/lucas-bergvall/profil/spieler/866246
667287,Yasin Ayari,18,3,Midfield,Sweden,/yasin-ayari/profil/spieler/667287
583189,Anthony Elanga,11,4,Forward,Sweden,/anthony-elanga/profil/spieler/583189
579287,Daniel Svensson,8,2,Defender,Sweden,/daniel-svensson/profil/spieler/579287
503075,Isak Hien,4,2,Defender,Sweden,/isak-hien/profil/spieler/503075
362108,Gabriel Gudmundsson,5,2,Defender,Sweden,/gabriel-gudmundsson/profil/spieler/362108
475949,Benjamin Nygren,10,3,Midfield,Sweden,/benjamin-nygren/profil/spieler/475949
273742,Viktor Johansson,12,1,Goalkeeper,Sweden,/viktor-johansson/profil/spieler/273742
485395,Gustaf Lagerbielke,2,2,Defender,Sweden,/gustaf-lagerbielke/profil/spieler/485395
687622,Elliot Stroud,24,3,Midfield,Sweden,/elliot-stroud/profil/spieler/687622
342405,Mattias Svanberg,19,3,Midfield,Sweden,/mattias-svanberg/profil/spieler/342405
715653,Besfort Zeneli,22,3,Midfield,Sweden,/besfort-zeneli/profil/spieler/715653
184573,Victor Lindelöf,3,2,Defender,Sweden,/victor-lindelof/profil/spieler/184573
292534,Eric Smith,20,2,Defender,Sweden,/eric-smith/profil/spieler/292534
392179,Hjalmar Ekdal,14,2,Defender,Sweden,/hjalmar-ekdal/profil/spieler/392179
258987,Carl Starfelt,15,2,Defender,Sweden,/carl-starfelt/profil/spieler/258987
222855,Jesper Karlström,16,3,Midfield,Sweden,/jesper-karlstrom/profil/spieler/222855
633454,Alexander Bernhardsson,21,4,Forward,Sweden,/alexander-bernhardsson/profil/spieler/633454
549440,Jacob Widell Zetterström,1,1,Goalkeeper,Sweden,/jacob-widell-zetterstrom/profil/spieler/549440
744853,Herman Johansson,6,3,Midfield,Sweden,/herman-johansson/profil/spieler/744853
320440,Gustaf Nilsson,25,4,Forward,Sweden,/gustaf-nilsson/profil/spieler/320440
731771,Taha Ali,26,4,Forward,Sweden,/taha-ali/profil/spieler/731771
252345,Ken Sema,13,2,Defender,Sweden,/ken-sema/profil/spieler/252345
75890,Kristoffer Nordfeldt,23,1,Goalkeeper,Sweden,/kristoffer-nordfeldt/profil/spieler/75890
607224,Hannibal,10,3,Midfield,Tunisia,/hannibal/profil/spieler/607224
496706,Montassar Talbi,3,2,Defender,Tunisia,/montassar-talbi/profil/spieler/496706
810096,Ismaël Gharbi,11,4,Forward,Tunisia,/ismael-gharbi/profil/spieler/810096
290587,Ellyes Skhiri,17,3,Midfield,Tunisia,/ellyes-skhiri/profil/spieler/290587
539677,Sebastian Tounekti,26,4,Forward,Tunisia,/sebastian-tounekti/profil/spieler/539677
1071742,Adem Arous,5,2,Defender,Tunisia,/adem-arous/profil/spieler/1071742
546712,Anis Ben Slimane,25,3,Midfield,Tunisia,/anis-ben-slimane/profil/spieler/546712
645589,Elias Achouri,7,4,Forward,Tunisia,/elias-achouri/profil/spieler/645589
526466,Elias Saad,8,4,Forward,Tunisia,/elias-saad/profil/spieler/526466
673513,Mohamed Belhadj Mahmoud,15,3,Midfield,Tunisia,/mohamed-belhadj-mahmoud/profil/spieler/673513
124410,Rani Khedira,13,3,Midfield,Tunisia,/rani-khedira/profil/spieler/124410
211474,Ali Abdi,2,2,Defender,Tunisia,/ali-abdi/profil/spieler/211474
406008,Yan Valery,20,2,Defender,Tunisia,/yan-valery/profil/spieler/406008
230921,Mortadha Ben Ouanes,12,4,Forward,Tunisia,/mortadha-ben-ouanes/profil/spieler/230921
1034598,Moutaz Neffati,23,2,Defender,Tunisia,/moutaz-neffati/profil/spieler/1034598
402087,Firas Chaouat,19,4,Forward,Tunisia,/firas-chaouat/profil/spieler/402087
454495,Mohamed Amine Ben Hamida,21,2,Defender,Tunisia,/mohamed-amine-ben-hamida/profil/spieler/454495
1198342,Khalil Ayari,14,4,Forward,Tunisia,/khalil-ayari/profil/spieler/1198342
953150,Hazem Mastouri,9,4,Forward,Tunisia,/hazem-mastouri/profil/spieler/953150
1273985,Rayan Elloumi,18,4,Forward,Tunisia,/rayan-elloumi/profil/spieler/1273985
584250,Abdelmouhib Chamakh,1,1,Goalkeeper,Tunisia,/abdelmouhib-chamakh/profil/spieler/584250
569433,Aymen Dahmen,16,1,Goalkeeper,Tunisia,/aymen-dahmen/profil/spieler/569433
1075790,Raed Chikhaoui,24,2,Defender,Tunisia,/raed-chikhaoui/profil/spieler/1075790
450417,Dylan Bronn,6,2,Defender,Tunisia,/dylan-bronn/profil/spieler/450417
295381,Sabri Ben Hessen,22,1,Goalkeeper,Tunisia,/sabri-ben-hessen/profil/spieler/295381
578292,Omar Rekik,4,2,Defender,Tunisia,/omar-rekik/profil/spieler/578292
486049,Jérémy Doku,11,4,Forward,Belgium,/jeremy-doku/profil/spieler/486049
485706,Amadou Onana,24,3,Midfield,Belgium,/amadou-onana/profil/spieler/485706
724129,Matias Fernandez-Pardo,26,4,Forward,Belgium,/matias-fernandez-pardo/profil/spieler/724129
503883,Senne Lammens,12,1,Goalkeeper,Belgium,/senne-lammens/profil/spieler/503883
435772,Charles De Ketelaere,17,3,Midfield,Belgium,/charles-de-ketelaere/profil/spieler/435772
249565,Youri Tielemans,8,3,Midfield,Belgium,/youri-tielemans/profil/spieler/249565
548193,Zeno Debast,2,2,Defender,Belgium,/zeno-debast/profil/spieler/548193
834397,Mike Penders,13,1,Goalkeeper,Belgium,/mike-penders/profil/spieler/834397
655006,Diego Moreira,19,3,Midfield,Belgium,/diego-moreira/profil/spieler/655006
548254,Nathan Ngoy,25,2,Defender,Belgium,/nathan-ngoy/profil/spieler/548254
490384,Koni De Winter,16,2,Defender,Belgium,/koni-de-winter/profil/spieler/490384
429915,Maxim De Cuyper,5,2,Defender,Belgium,/maxim-de-cuyper/profil/spieler/429915
381950,Alexis Saelemaekers,22,3,Midfield,Belgium,/alexis-saelemaekers/profil/spieler/381950
981196,Joaquin Seys,18,2,Defender,Belgium,/joaquin-seys/profil/spieler/981196
144028,Leandro Trossard,10,4,Forward,Belgium,/leandro-trossard/profil/spieler/144028
368891,Arthur Theate,3,2,Defender,Belgium,/arthur-theate/profil/spieler/368891
303259,Dodi Lukébakio,14,4,Forward,Belgium,/dodi-lukebakio/profil/spieler/303259
108390,Thibaut Courtois,1,1,Goalkeeper,Belgium,/thibaut-courtois/profil/spieler/108390
422763,Nicolas Raskin,23,3,Midfield,Belgium,/nicolas-raskin/profil/spieler/422763
262226,Timothy Castagne,21,2,Defender,Belgium,/timothy-castagne/profil/spieler/262226
88755,Kevin De Bruyne,7,3,Midfield,Belgium,/kevin-de-bruyne/profil/spieler/88755
96341,Romelu Lukaku,9,4,Forward,Belgium,/romelu-lukaku/profil/spieler/96341
137576,Hans Vanaken,20,3,Midfield,Belgium,/hans-vanaken/profil/spieler/137576
236168,Brandon Mechele,4,2,Defender,Belgium,/brandon-mechele/profil/spieler/236168
100986,Thomas Meunier,15,2,Defender,Belgium,/thomas-meunier/profil/spieler/100986
35047,Axel Witsel,6,3,Midfield,Belgium,/axel-witsel/profil/spieler/35047
445939,Omar Marmoush,22,4,Forward,Egypt,/omar-marmoush/profil/spieler/445939
148455,Mohamed Salah,10,4,Forward,Egypt,/mohamed-salah/profil/spieler/148455
234189,Trezeguet,7,4,Forward,Egypt,/trezeguet/profil/spieler/234189
604008,Emam Ashour,8,3,Midfield,Egypt,/emam-ashour/profil/spieler/604008
734542,Marwan Ateya,19,3,Midfield,Egypt,/marwan-ateya/profil/spieler/734542
620164,Haissem Hassan,12,4,Forward,Egypt,/haissem-hassan/profil/spieler/620164
320722,Zizo,25,4,Forward,Egypt,/zizo/profil/spieler/320722
479682,Mohanad Lasheen,17,3,Midfield,Egypt,/mohanad-lasheen/profil/spieler/479682
677278,Ibrahim Adel,20,4,Forward,Egypt,/ibrahim-adel/profil/spieler/677278
566025,Mohamed Abdelmonem,6,2,Defender,Egypt,/mohamed-abdelmonem/profil/spieler/566025
737524,Hossam Abdelmaguid,4,2,Defender,Egypt,/hossam-abdelmaguid/profil/spieler/737524
896616,Mostafa Ziko,11,4,Forward,Egypt,/mostafa-ziko/profil/spieler/896616
340303,Hamdy Fathy,14,3,Midfield,Egypt,/hamdy-fathy/profil/spieler/340303
343974,Mohamed Hany,3,2,Defender,Egypt,/mohamed-hany/profil/spieler/343974
729390,Mahmoud Saber,21,3,Midfield,Egypt,/mahmoud-saber/profil/spieler/729390
1259085,Hamza Abdelkarim,9,4,Forward,Egypt,/hamza-abdelkarim/profil/spieler/1259085
661455,Oufa Shobeir,23,1,Goalkeeper,Egypt,/oufa-shobeir/profil/spieler/661455
1307898,Mohamed Alaa,26,1,Goalkeeper,Egypt,/mohamed-alaa/profil/spieler/1307898
479683,Nabil Dunga,18,3,Midfield,Egypt,/nabil-dunga/profil/spieler/479683
465966,Ahmed Fatouh,13,2,Defender,Egypt,/ahmed-fatouh/profil/spieler/465966
333004,Karim Hafez,15,2,Defender,Egypt,/karim-hafez/profil/spieler/333004
172623,Ramy Rabia,5,2,Defender,Egypt,/ramy-rabia/profil/spieler/172623
134573,Mohamed El Shenawy,1,1,Goalkeeper,Egypt,/mohamed-el-shenawy/profil/spieler/134573
237425,Yasser Ibrahim,2,2,Defender,Egypt,/yasser-ibrahim/profil/spieler/237425
1087789,Tarek Alaa,24,2,Defender,Egypt,/tarek-alaa/profil/spieler/1087789
104951,El Mahdi Soliman,16,1,Goalkeeper,Egypt,/el-mahdi-soliman/profil/spieler/104951
478192,Mehdi Ghayedi,10,4,Forward,Iran,/mehdi-ghayedi/profil/spieler/478192
603149,Mohammad Mohebi,8,4,Forward,Iran,/mohammad-mohebi/profil/spieler/603149
542380,Amirhossein Hosseinzadeh,18,4,Forward,Iran,/amirhossein-hosseinzadeh/profil/spieler/542380
249303,Dennis Eckert Ayensa,24,4,Forward,Iran,/dennis-eckert-ayensa/profil/spieler/249303
307058,Mehdi Taremi,9,4,Forward,Iran,/mehdi-taremi/profil/spieler/307058
249271,Saeed Ezatolahi,6,3,Midfield,Iran,/saeed-ezatolahi/profil/spieler/249271
249360,Ali Alipour,11,4,Forward,Iran,/ali-alipour/profil/spieler/249360
249400,Hossein Kanaani,13,2,Defender,Iran,/hossein-kanaani/profil/spieler/249400
932724,Arya Yousefi,17,2,Defender,Iran,/arya-yousefi/profil/spieler/932724
1051591,Amirmohammad Razzaghinia,26,3,Midfield,Iran,/amirmohammad-razzaghinia/profil/spieler/1051591
204294,Saman Ghoddos,14,3,Midfield,Iran,/saman-ghoddos/profil/spieler/204294
856087,Mohammad Ghorbani,21,3,Midfield,Iran,/mohammad-ghorbani/profil/spieler/856087
283833,Mehdi Torabi,16,4,Forward,Iran,/mehdi-torabi/profil/spieler/283833
1080301,Danial Eiri,25,2,Defender,Iran,/danial-eiri/profil/spieler/1080301
333355,Milad Mohammadi,5,2,Defender,Iran,/milad-mohammadi/profil/spieler/333355
357125,Shahriar Moghanlou,20,4,Forward,Iran,/shahriar-moghanlou/profil/spieler/357125
697155,Saleh Hardani,2,2,Defender,Iran,/saleh-hardani/profil/spieler/697155
343044,Payam Niazmand,12,1,Goalkeeper,Iran,/payam-niazmand/profil/spieler/343044
229081,Alireza Beiranvand,1,1,Goalkeeper,Iran,/alireza-beiranvand/profil/spieler/229081
527092,Ali Nemati,19,2,Defender,Iran,/ali-nemati/profil/spieler/527092
213268,Alireza Jahanbakhsh,7,4,Forward,Iran,/alireza-jahanbakhsh/profil/spieler/213268
132561,Seyed Hossein Hosseini,22,1,Goalkeeper,Iran,/seyed-hossein-hosseini/profil/spieler/132561
273879,Roozbeh Cheshmi,15,3,Midfield,Iran,/roozbeh-cheshmi/profil/spieler/273879
188312,Ramin Rezaeian,23,2,Defender,Iran,/ramin-rezaeian/profil/spieler/188312
77547,Ehsan Hajsafi,3,2,Defender,Iran,/ehsan-hajsafi/profil/spieler/77547
213715,Shoja Khalilzadeh,4,2,Defender,Iran,/shoja-khalilzadeh/profil/spieler/213715
108725,Chris Wood,9,4,Forward,New Zealand,/chris-wood/profil/spieler/108725
1007720,Tyler Bindon,4,2,Defender,New Zealand,/tyler-bindon/profil/spieler/1007720
345700,Joe Bell,6,3,Midfield,New Zealand,/joe-bell/profil/spieler/345700
617018,Marko Stamenić,8,3,Midfield,New Zealand,/marko-stamenic/profil/spieler/617018
485672,Elijah Just,11,3,Midfield,New Zealand,/elijah-just/profil/spieler/485672
400797,Callum McCowatt,20,3,Midfield,New Zealand,/callum-mccowatt/profil/spieler/400797
469211,Liberato Cacace,13,2,Defender,New Zealand,/liberato-cacace/profil/spieler/469211
724809,Finn Surman,16,2,Defender,New Zealand,/finn-surman/profil/spieler/724809
617021,Ben Old,19,2,Defender,New Zealand,/ben-old/profil/spieler/617021
207843,Max Crocombe,1,1,Goalkeeper,New Zealand,/max-crocombe/profil/spieler/207843
677509,Jesse Randall,21,4,Forward,New Zealand,/jesse-randall/profil/spieler/677509
203357,Ryan Thomas,23,3,Midfield,New Zealand,/ryan-thomas/profil/spieler/203357
207061,Francis de Vries,3,2,Defender,New Zealand,/francis-de-vries/profil/spieler/207061
256019,Alex Rufer,14,3,Midfield,New Zealand,/alex-rufer/profil/spieler/256019
1109358,Lachlan Bayliss,25,3,Midfield,New Zealand,/lachlan-bayliss/profil/spieler/1109358
350357,Sarpreet Singh,10,3,Midfield,New Zealand,/sarpreet-singh/profil/spieler/350357
617009,Alex Paulsen,12,1,Goalkeeper,New Zealand,/alex-paulsen/profil/spieler/617009
482204,Callan Elliot,24,2,Defender,New Zealand,/callan-elliot/profil/spieler/482204
455425,Nando Pijnaker,15,2,Defender,New Zealand,/nando-pijnaker/profil/spieler/455425
539502,Ben Waine,18,4,Forward,New Zealand,/ben-waine/profil/spieler/539502
350347,Michael Woud,22,1,Goalkeeper,New Zealand,/michael-woud/profil/spieler/350347
312317,Logan Rogerson,7,4,Forward,New Zealand,/logan-rogerson/profil/spieler/312317
149901,Tim Payne,2,2,Defender,New Zealand,/tim-payne/profil/spieler/149901
50200,Kosta Barbarouses,17,4,Forward,New Zealand,/kosta-barbarouses/profil/spieler/50200
81723,Michael Boxall,5,2,Defender,New Zealand,/michael-boxall/profil/spieler/81723
54381,Tommy Smith,26,2,Defender,New Zealand,/tommy-smith/profil/spieler/54381
937958,Lamine Yamal,19,4,Forward,Spain,/lamine-yamal/profil/spieler/937958
683840,Pedri,20,3,Midfield,Spain,/pedri/profil/spieler/683840
962110,Pau Cubarsí,22,2,Defender,Spain,/pau-cubarsi/profil/spieler/962110
423440,Martín Zubimendi,18,3,Midfield,Spain,/martin-zubimendi/profil/spieler/423440
293385,Dani Olmo,10,3,Midfield,Spain,/dani-olmo/profil/spieler/293385
284857,Marc Cucurella,24,2,Defender,Spain,/marc-cucurella/profil/spieler/284857
357565,Rodri,16,3,Midfield,Spain,/rodri/profil/spieler/357565
398184,Ferran Torres,7,4,Forward,Spain,/ferran-torres/profil/spieler/398184
561613,Joan García,13,1,Goalkeeper,Spain,/joan-garcia/profil/spieler/561613
709187,Nico Williams,17,4,Forward,Spain,/nico-williams/profil/spieler/709187
466794,Eric García,4,2,Defender,Spain,/eric-garcia/profil/spieler/466794
548111,Álex Baena,15,4,Forward,Spain,/alex-baena/profil/spieler/548111
844637,Marc Pubill,2,2,Defender,Spain,/marc-pubill/profil/spieler/844637
553875,Pedro Porro,12,2,Defender,Spain,/pedro-porro/profil/spieler/553875
935231,Víctor Muñoz,25,4,Forward,Spain,/victor-munoz/profil/spieler/935231
262749,David Raya,1,1,Goalkeeper,Spain,/david-raya/profil/spieler/262749
646740,Gavi,9,3,Midfield,Spain,/gavi/profil/spieler/646740
568157,Yéremy Pino,11,4,Forward,Spain,/yeremy-pino/profil/spieler/568157
350219,Fabián Ruiz,8,3,Midfield,Spain,/fabian-ruiz/profil/spieler/350219
351478,Mikel Oyarzabal,21,4,Forward,Spain,/mikel-oyarzabal/profil/spieler/351478
338424,Mikel Merino,6,3,Midfield,Spain,/mikel-merino/profil/spieler/338424
262396,Unai Simón,23,1,Goalkeeper,Spain,/unai-simon/profil/spieler/262396
193082,Alejandro Grimaldo,3,2,Defender,Spain,/alejandro-grimaldo/profil/spieler/193082
282411,Marcos Llorente,5,2,Defender,Spain,/marcos-llorente/profil/spieler/282411
176553,Aymeric Laporte,14,2,Defender,Spain,/aymeric-laporte/profil/spieler/176553
278359,Borja Iglesias,26,4,Forward,Spain,/borja-iglesias/profil/spieler/278359
484988,Logan Costa,5,2,Defender,Cape Verde,/logan-costa/profil/spieler/484988
1072017,Wagner Pina,24,2,Defender,Cape Verde,/wagner-pina/profil/spieler/1072017
544586,Kevin Pina,6,3,Midfield,Cape Verde,/kevin-pina/profil/spieler/544586
611855,Sidny Lopes Cabral,13,2,Defender,Cape Verde,/sidny-lopes-cabral/profil/spieler/611855
791528,Telmo Arcanjo,18,4,Forward,Cape Verde,/telmo-arcanjo/profil/spieler/791528
840836,Hélio Varela,26,4,Forward,Cape Verde,/helio-varela/profil/spieler/840836
432852,Deroy Duarte,14,3,Midfield,Cape Verde,/deroy-duarte/profil/spieler/432852
203517,Steven Moreira,22,2,Defender,Cape Verde,/steven-moreira/profil/spieler/203517
820252,Gilson Benchimol,9,4,Forward,Cape Verde,/gilson-benchimol/profil/spieler/820252
448466,Jovane Cabral,7,4,Forward,Cape Verde,/jovane-cabral/profil/spieler/448466
258513,Laros Duarte,15,3,Midfield,Cape Verde,/laros-duarte/profil/spieler/258513
531450,Willy Semedo,17,4,Forward,Cape Verde,/willy-semedo/profil/spieler/531450
532096,CJ dos Santos,23,1,Goalkeeper,Cape Verde,/cj-dos-santos/profil/spieler/532096
349570,Diney Borges,3,2,Defender,Cape Verde,/diney-borges/profil/spieler/349570
623965,João Paulo,8,3,Midfield,Cape Verde,/joao-paulo/profil/spieler/623965
676411,Dailon Livramento,19,4,Forward,Cape Verde,/dailon-livramento/profil/spieler/676411
272930,Jamiro Monteiro,10,3,Midfield,Cape Verde,/jamiro-monteiro/profil/spieler/272930
306166,Nuno da Costa,21,4,Forward,Cape Verde,/nuno-da-costa/profil/spieler/306166
662119,Kelvin Pires,25,2,Defender,Cape Verde,/kelvin-pires/profil/spieler/662119
398048,Márcio Rosa,12,1,Goalkeeper,Cape Verde,/marcio-rosa/profil/spieler/398048
170895,Garry Rodrigues,11,4,Forward,Cape Verde,/garry-rodrigues/profil/spieler/170895
620307,Yannick Semedo,16,3,Midfield,Cape Verde,/yannick-semedo/profil/spieler/620307
166158,Roberto Lopes,4,2,Defender,Cape Verde,/roberto-lopes/profil/spieler/166158
111627,Ryan Mendes,20,4,Forward,Cape Verde,/ryan-mendes/profil/spieler/111627
242277,Vozinha,1,1,Goalkeeper,Cape Verde,/vozinha/profil/spieler/242277
80486,Stopira,2,2,Defender,Cape Verde,/stopira/profil/spieler/80486
369081,Federico Valverde,8,3,Midfield,Uruguay,/federico-valverde/profil/spieler/369081
572675,Maxi Araújo,20,2,Defender,Uruguay,/maxi-araujo/profil/spieler/572675
606752,Rodrigo Zalazar,26,3,Midfield,Uruguay,/rodrigo-zalazar/profil/spieler/606752
476701,Manuel Ugarte,5,3,Midfield,Uruguay,/manuel-ugarte/profil/spieler/476701
480267,Ronald Araujo,4,2,Defender,Uruguay,/ronald-araujo/profil/spieler/480267
354362,Rodrigo Bentancur,6,3,Midfield,Uruguay,/rodrigo-bentancur/profil/spieler/354362
546543,Darwin Núñez,9,4,Forward,Uruguay,/darwin-nunez/profil/spieler/546543
376514,Mathías Olivera,16,2,Defender,Uruguay,/mathias-olivera/profil/spieler/376514
248410,Giorgian de Arrascaeta,10,3,Midfield,Uruguay,/giorgian-de-arrascaeta/profil/spieler/248410
496268,Joaquín Piquerez,22,2,Defender,Uruguay,/joaquin-piquerez/profil/spieler/496268
438001,Santiago Bueno,24,2,Defender,Uruguay,/santiago-bueno/profil/spieler/438001
250845,José María Giménez,2,2,Defender,Uruguay,/jose-maria-gimenez/profil/spieler/250845
397458,Nicolás de la Cruz,7,3,Midfield,Uruguay,/nicolas-de-la-cruz/profil/spieler/397458
457533,Agustín Canobbio,14,4,Forward,Uruguay,/agustin-canobbio/profil/spieler/457533
465818,Brian Rodríguez,18,4,Forward,Uruguay,/brian-rodriguez/profil/spieler/465818
707447,Emiliano Martínez,15,3,Midfield,Uruguay,/emiliano-martinez/profil/spieler/707447
676318,Facundo Pellistri,11,4,Forward,Uruguay,/facundo-pellistri/profil/spieler/676318
532389,Sebastián Cáceres,3,2,Defender,Uruguay,/sebastian-caceres/profil/spieler/532389
578419,Federico Viñas,21,4,Forward,Uruguay,/federico-vinas/profil/spieler/578419
446106,Juan Manuel Sanabria,25,2,Defender,Uruguay,/juan-manuel-sanabria/profil/spieler/446106
439072,Matías Viña,17,2,Defender,Uruguay,/matias-vina/profil/spieler/439072
189410,Rodrigo Aguirre,19,4,Forward,Uruguay,/rodrigo-aguirre/profil/spieler/189410
320739,Santiago Mele,12,1,Goalkeeper,Uruguay,/santiago-mele/profil/spieler/320739
264014,Sergio Rochet,1,1,Goalkeeper,Uruguay,/sergio-rochet/profil/spieler/264014
188862,Guillermo Varela,13,2,Defender,Uruguay,/guillermo-varela/profil/spieler/188862
58088,Fernando Muslera,23,1,Goalkeeper,Uruguay,/fernando-muslera/profil/spieler/58088
631927,Saud Abdulhamid,12,2,Defender,Saudi Arabia,/saud-abdulhamid/profil/spieler/631927
901181,Musab Al-Juwayr,7,3,Midfield,Saudi Arabia,/musab-al-juwayr/profil/spieler/901181
631922,Firas Al-Buraikan,9,4,Forward,Saudi Arabia,/firas-al-buraikan/profil/spieler/631922
631923,Khalid Al-Ghannam,17,4,Forward,Saudi Arabia,/khalid-al-ghannam/profil/spieler/631923
1181852,Mohammed Abu Al-Shamat,26,2,Defender,Saudi Arabia,/mohammed-abu-al-shamat/profil/spieler/1181852
509897,Hassan Tambakti,5,2,Defender,Saudi Arabia,/hassan-tambakti/profil/spieler/509897
869509,Moteb Al-Harbi,24,2,Defender,Saudi Arabia,/moteb-al-harbi/profil/spieler/869509
821377,Nawaf Boushal,13,2,Defender,Saudi Arabia,/nawaf-boushal/profil/spieler/821377
672391,Ali Majrashi,2,2,Defender,Saudi Arabia,/ali-majrashi/profil/spieler/672391
509894,Abdulelah Al-Amri,4,2,Defender,Saudi Arabia,/abdulelah-al-amri/profil/spieler/509894
195332,Salem Al-Dawsari,10,4,Forward,Saudi Arabia,/salem-al-dawsari/profil/spieler/195332
901334,Jehad Thakri,25,2,Defender,Saudi Arabia,/jehad-thakri/profil/spieler/901334
735815,Ayman Yahya,8,2,Defender,Saudi Arabia,/ayman-yahya/profil/spieler/735815
509911,Nasser Al-Dawsari,6,3,Midfield,Saudi Arabia,/nasser-al-dawsari/profil/spieler/509911
308120,Mohamed Kanno,23,3,Midfield,Saudi Arabia,/mohamed-kanno/profil/spieler/308120
901079,Ziyad Al-Johani,16,3,Midfield,Saudi Arabia,/ziyad-al-johani/profil/spieler/901079
437903,Abdullah Al-Khaibari,15,3,Midfield,Saudi Arabia,/abdullah-al-khaibari/profil/spieler/437903
264909,Ali Lajami,3,2,Defender,Saudi Arabia,/ali-lajami/profil/spieler/264909
886183,Nawaf Al-Aqidi,1,1,Goalkeeper,Saudi Arabia,/nawaf-al-aqidi/profil/spieler/886183
242267,Saleh Al-Shehri,11,4,Forward,Saudi Arabia,/saleh-al-shehri/profil/spieler/242267
68626,Abdullah Al-Hamdan,19,4,Forward,Saudi Arabia,/abdullah-al-hamdan/profil/spieler/68626
210349,Sultan Mandash,20,4,Forward,Saudi Arabia,/sultan-mandash/profil/spieler/210349
443937,Alaa Hejji,18,3,Midfield,Saudi Arabia,/alaa-hejji/profil/spieler/443937
262845,Mohammed Al-Owais,21,1,Goalkeeper,Saudi Arabia,/mohammed-al-owais/profil/spieler/262845
260859,Hassan Kadesh,14,2,Defender,Saudi Arabia,/hassan-kadesh/profil/spieler/260859
177956,Ahmed Al-Kassar,22,1,Goalkeeper,Saudi Arabia,/ahmed-al-kassar/profil/spieler/177956
342229,Kylian Mbappé,10,4,Forward,France,/kylian-mbappe/profil/spieler/342229
566723,Michael Olise,11,4,Forward,France,/michael-olise/profil/spieler/566723
914562,Désiré Doué,20,4,Forward,France,/desire-doue/profil/spieler/914562
288230,Ousmane Dembélé,7,4,Forward,France,/ousmane-dembele/profil/spieler/288230
495666,William Saliba,17,2,Defender,France,/william-saliba/profil/spieler/495666
607223,Rayan Cherki,24,3,Midfield,France,/rayan-cherki/profil/spieler/607223
810092,Warren Zaïre-Emery,18,3,Midfield,France,/warren-zaire-emery/profil/spieler/810092
413112,Aurélien Tchouaméni,8,3,Midfield,France,/aurelien-tchouameni/profil/spieler/413112
708265,Bradley Barcola,12,4,Forward,France,/bradley-barcola/profil/spieler/708265
344695,Dayot Upamecano,4,2,Defender,France,/dayot-upamecano/profil/spieler/344695
411975,Jules Koundé,5,2,Defender,France,/jules-kounde/profil/spieler/411975
434224,Maxence Lacroix,26,2,Defender,France,/maxence-lacroix/profil/spieler/434224
318528,Marcus Thuram,9,4,Forward,France,/marcus-thuram/profil/spieler/318528
624690,Manu Koné,6,3,Midfield,France,/manu-kone/profil/spieler/624690
745200,Maghnes Akliouche,25,4,Forward,France,/maghnes-akliouche/profil/spieler/745200
357119,Ibrahima Konaté,15,2,Defender,France,/ibrahima-konate/profil/spieler/357119
620322,Malo Gusto,2,2,Defender,France,/malo-gusto/profil/spieler/620322
420002,Jean-Philippe Mateta,22,4,Forward,France,/jean-philippe-mateta/profil/spieler/420002
743515,Robin Risser,23,1,Goalkeeper,France,/robin-risser/profil/spieler/743515
339808,Theo Hernández,19,2,Defender,France,/theo-hernandez/profil/spieler/339808
182906,Mike Maignan,16,1,Goalkeeper,France,/mike-maignan/profil/spieler/182906
281963,Lucas Hernández,21,2,Defender,France,/lucas-hernandez/profil/spieler/281963
182913,Adrien Rabiot,14,3,Midfield,France,/adrien-rabiot/profil/spieler/182913
191056,Brice Samba,1,1,Goalkeeper,France,/brice-samba/profil/spieler/191056
126664,Lucas Digne,3,2,Defender,France,/lucas-digne/profil/spieler/126664
225083,N'Golo Kanté,13,3,Midfield,France,/ngolo-kante/profil/spieler/225083
418560,Erling Haaland,9,4,Forward,Norway,/erling-haaland/profil/spieler/418560
316264,Martin Ødegaard,10,3,Midfield,Norway,/martin-odegaard/profil/spieler/316264
429983,Jørgen Strand Larsen,11,4,Forward,Norway,/jorgen-strand-larsen/profil/spieler/429983
894914,Antonio Nusa,20,4,Forward,Norway,/antonio-nusa/profil/spieler/894914
670103,Andreas Schjelderup,21,4,Forward,Norway,/andreas-schjelderup/profil/spieler/670103
661207,Oscar Bobb,22,4,Forward,Norway,/oscar-bobb/profil/spieler/661207
333014,Sander Berge,8,3,Midfield,Norway,/sander-berge/profil/spieler/333014
370789,Julian Ryerson,26,2,Defender,Norway,/julian-ryerson/profil/spieler/370789
238407,Alexander Sørloth,7,4,Forward,Norway,/alexander-sorloth/profil/spieler/238407
328658,Kristoffer Ajer,3,2,Defender,Norway,/kristoffer-ajer/profil/spieler/328658
223367,Fredrik Aursnes,14,3,Midfield,Norway,/fredrik-aursnes/profil/spieler/223367
367284,Leo Østigård,4,2,Defender,Norway,/leo-ostigard/profil/spieler/367284
464469,Torbjørn Heggem,17,2,Defender,Norway,/torbjorn-heggem/profil/spieler/464469
422355,Jens Petter Hauge,23,4,Forward,Norway,/jens-petter-hauge/profil/spieler/422355
564785,Kristian Thorstvedt,18,3,Midfield,Norway,/kristian-thorstvedt/profil/spieler/564785
308439,Patrick Berg,6,3,Midfield,Norway,/patrick-berg/profil/spieler/308439
661427,David Møller Wolfe,5,2,Defender,Norway,/david-moller-wolfe/profil/spieler/661427
743088,Henrik Falchener,25,2,Defender,Norway,/henrik-falchener/profil/spieler/743088
737837,Sondre Langås,24,2,Defender,Norway,/sondre-langas/profil/spieler/737837
364938,Fredrik Bjørkan,15,2,Defender,Norway,/fredrik-bjorkan/profil/spieler/364938
583404,Marcus Pedersen,16,2,Defender,Norway,/marcus-pedersen/profil/spieler/583404
549378,Sander Tangvik,12,1,Goalkeeper,Norway,/sander-tangvik/profil/spieler/549378
647384,Thelo Aasgaard,19,3,Midfield,Norway,/thelo-aasgaard/profil/spieler/647384
226524,Morten Thorsby,2,3,Midfield,Norway,/morten-thorsby/profil/spieler/226524
380744,Egil Selvik,13,1,Goalkeeper,Norway,/egil-selvik/profil/spieler/380744
73517,Ørjan Nyland,1,1,Goalkeeper,Norway,/orjan-nyland/profil/spieler/73517
623570,Iliman Ndiaye,13,4,Forward,Senegal,/iliman-ndiaye/profil/spieler/623570
918969,Lamine Camara,8,3,Midfield,Senegal,/lamine-camara/profil/spieler/918969
776890,Nicolas Jackson,11,4,Forward,Senegal,/nicolas-jackson/profil/spieler/776890
485963,Pape Gueye,26,3,Midfield,Senegal,/pape-gueye/profil/spieler/485963
410225,Ismaïla Sarr,18,4,Forward,Senegal,/ismaila-sarr/profil/spieler/410225
876631,Habib Diarra,21,3,Midfield,Senegal,/habib-diarra/profil/spieler/876631
1061282,Assane Diao,7,4,Forward,Senegal,/assane-diao/profil/spieler/1061282
568693,Pape Matar Sarr,17,3,Midfield,Senegal,/pape-matar-sarr/profil/spieler/568693
1185888,Ibrahim Mbaye,20,4,Forward,Senegal,/ibrahim-mbaye/profil/spieler/1185888
1111589,El Hadji Malick Diouf,25,2,Defender,Senegal,/el-hadji-malick-diouf/profil/spieler/1111589
910905,Mamadou Sarr,2,2,Defender,Senegal,/mamadou-sarr/profil/spieler/910905
291200,Moussa Niakhaté,19,2,Defender,Senegal,/moussa-niakhate/profil/spieler/291200
822458,Bamba Dieng,9,4,Forward,Senegal,/bamba-dieng/profil/spieler/822458
891998,Antoine Mendy,24,2,Defender,Senegal,/antoine-mendy/profil/spieler/891998
375137,Ismail Jakobs,14,2,Defender,Senegal,/ismail-jakobs/profil/spieler/375137
448632,Yehvann Diouf,1,1,Goalkeeper,Senegal,/yehvann-diouf/profil/spieler/448632
490426,Krépin Diatta,15,3,Midfield,Senegal,/krepin-diatta/profil/spieler/490426
200512,Sadio Mané,10,4,Forward,Senegal,/sadio-mane/profil/spieler/200512
480705,Cherif Ndiaye,12,4,Forward,Senegal,/cherif-ndiaye/profil/spieler/480705
93128,Kalidou Koulibaly,3,2,Defender,Senegal,/kalidou-koulibaly/profil/spieler/93128
442531,Edouard Mendy,16,1,Goalkeeper,Senegal,/edouard-mendy/profil/spieler/442531
1497653,Bara Sapoko Ndiaye,22,3,Midfield,Senegal,/bara-sapoko-ndiaye/profil/spieler/1497653
525578,Pathé Ciss,6,3,Midfield,Senegal,/pathe-ciss/profil/spieler/525578
164904,Mory Diaw,23,1,Goalkeeper,Senegal,/mory-diaw/profil/spieler/164904
126665,Idrissa Gueye,5,3,Midfield,Senegal,/idrissa-gueye/profil/spieler/126665
265383,Abdoulaye Seck,4,2,Defender,Senegal,/abdoulaye-seck/profil/spieler/265383
833817,Ahmed Qasem,11,4,Forward,Iraq,/ahmed-qasem/profil/spieler/833817
530527,Merchas Doski,23,2,Defender,Iraq,/merchas-doski/profil/spieler/530527
663153,Marko Farji,21,4,Forward,Iraq,/marko-farji/profil/spieler/663153
579294,Aimar Sher,20,3,Midfield,Iraq,/aimar-sher/profil/spieler/579294
610581,Ali Al-Hamadi,9,4,Forward,Iraq,/ali-al-hamadi/profil/spieler/610581
589646,Mohanad Ali,10,4,Forward,Iraq,/mohanad-ali/profil/spieler/589646
303766,Amir Al-Ammari,16,3,Midfield,Iraq,/amir-al-ammari/profil/spieler/303766
686845,Zidane Iqbal,14,3,Midfield,Iraq,/zidane-iqbal/profil/spieler/686845
413268,Kevin Yakob,19,3,Midfield,Iraq,/kevin-yakob/profil/spieler/413268
560957,Ibrahim Bayesh,8,4,Forward,Iraq,/ibrahim-bayesh/profil/spieler/560957
933541,Akam Hashem,5,2,Defender,Iraq,/akam-hashem/profil/spieler/933541
931147,Zaid Tahseen,4,2,Defender,Iraq,/zaid-tahseen/profil/spieler/931147
684307,Youssef Amyn,7,4,Forward,Iraq,/youssef-amyn/profil/spieler/684307
1132850,Zaid Ismail,24,3,Midfield,Iraq,/zaid-ismail/profil/spieler/1132850
877672,Ali Jasim,17,4,Forward,Iraq,/ali-jasim/profil/spieler/877672
560952,Ahmed Basil Fadhil,22,1,Goalkeeper,Iraq,/ahmed-basil-fadhil/profil/spieler/560952
881506,Ahmed Maknzi,15,2,Defender,Iraq,/ahmed-maknzi/profil/spieler/881506
585325,Hussein Ali,3,2,Defender,Iraq,/hussein-ali/profil/spieler/585325
401054,Aymen Hussein,18,4,Forward,Iraq,/aymen-hussein/profil/spieler/401054
377268,Fahad Talib,1,1,Goalkeeper,Iraq,/fahad-talib/profil/spieler/377268
952341,Mustafa Saadoon,25,2,Defender,Iraq,/mustafa-saadoon/profil/spieler/952341
166460,Frans Putros,26,2,Defender,Iraq,/frans-putros/profil/spieler/166460
945266,Manaf Younis,6,2,Defender,Iraq,/manaf-younis/profil/spieler/945266
206782,Jalal Hassan,12,1,Goalkeeper,Iraq,/jalal-hassan/profil/spieler/206782
576265,Ali Yousif,13,4,Forward,Iraq,/ali-yousif/profil/spieler/576265
217073,Rebin Sulaka,2,2,Defender,Iraq,/rebin-sulaka/profil/spieler/217073
576024,Julián Alvarez,9,4,Forward,Argentina,/julian-alvarez/profil/spieler/576024
648195,Enzo Fernández,24,3,Midfield,Argentina,/enzo-fernandez/profil/spieler/648195
406625,Lautaro Martínez,22,4,Forward,Argentina,/lautaro-martinez/profil/spieler/406625
948294,Nico Paz,18,3,Midfield,Argentina,/nico-paz/profil/spieler/948294
534033,Alexis Mac Allister,20,3,Midfield,Argentina,/alexis-mac-allister/profil/spieler/534033
355915,Cristian Romero,13,2,Defender,Argentina,/cristian-romero/profil/spieler/355915
849410,Valentín Barco,8,3,Midfield,Argentina,/valentin-barco/profil/spieler/849410
742201,Giuliano Simeone,17,4,Forward,Argentina,/giuliano-simeone/profil/spieler/742201
480762,Lisandro Martínez,6,2,Defender,Argentina,/lisandro-martinez/profil/spieler/480762
844797,Flaco López,21,4,Forward,Argentina,/flaco-lopez/profil/spieler/844797
401578,Exequiel Palacios,14,3,Midfield,Argentina,/exequiel-palacios/profil/spieler/401578
469781,Marcos Senesi,2,2,Defender,Argentina,/marcos-senesi/profil/spieler/469781
486031,Nico González,15,4,Forward,Argentina,/nico-gonzalez/profil/spieler/486031
474800,Facundo Medina,25,2,Defender,Argentina,/facundo-medina/profil/spieler/474800
424042,Nahuel Molina,26,2,Defender,Argentina,/nahuel-molina/profil/spieler/424042
576028,Thiago Almada,16,4,Forward,Argentina,/thiago-almada/profil/spieler/576028
28003,Lionel Messi,10,4,Forward,Argentina,/lionel-messi/profil/spieler/28003
255901,Rodrigo De Paul,7,3,Midfield,Argentina,/rodrigo-de-paul/profil/spieler/255901
111873,Emiliano Martínez,23,1,Goalkeeper,Argentina,/emiliano-martinez/profil/spieler/111873
348795,Giovani Lo Celso,11,3,Midfield,Argentina,/giovani-lo-celso/profil/spieler/348795
229604,Gerónimo Rulli,12,1,Goalkeeper,Argentina,/geronimo-rulli/profil/spieler/229604
166237,Leandro Paredes,5,3,Midfield,Argentina,/leandro-paredes/profil/spieler/166237
402733,Gonzalo Montiel,4,2,Defender,Argentina,/gonzalo-montiel/profil/spieler/402733
131225,Nicolás Tagliafico,3,2,Defender,Argentina,/nicolas-tagliafico/profil/spieler/131225
242359,Juan Musso,1,1,Goalkeeper,Argentina,/juan-musso/profil/spieler/242359
54781,Nicolás Otamendi,19,2,Defender,Argentina,/nicolas-otamendi/profil/spieler/54781
223967,Konrad Laimer,20,2,Defender,Austria,/konrad-laimer/profil/spieler/223967
404950,Nicolas Seiwald,6,3,Midfield,Austria,/nicolas-seiwald/profil/spieler/404950
900909,Paul Wanner,24,3,Midfield,Austria,/paul-wanner/profil/spieler/900909
659459,Carney Chukwuemeka,17,3,Midfield,Austria,/carney-chukwuemeka/profil/spieler/659459
452483,David Affengruber,2,2,Defender,Austria,/david-affengruber/profil/spieler/452483
263236,Kevin Danso,3,2,Defender,Austria,/kevin-danso/profil/spieler/263236
346853,Romano Schmid,18,3,Midfield,Austria,/romano-schmid/profil/spieler/346853
533295,Patrick Wimmer,21,4,Forward,Austria,/patrick-wimmer/profil/spieler/533295
225657,Philipp Lienhart,15,2,Defender,Austria,/philipp-lienhart/profil/spieler/225657
223979,Xaver Schlager,4,3,Midfield,Austria,/xaver-schlager/profil/spieler/223979
156990,Marco Friedl,23,2,Defender,Austria,/marco-friedl/profil/spieler/156990
434116,Alexander Prass,22,3,Midfield,Austria,/alexander-prass/profil/spieler/434116
223974,Stefan Posch,5,2,Defender,Austria,/stefan-posch/profil/spieler/223974
106987,Marcel Sabitzer,9,3,Midfield,Austria,/marcel-sabitzer/profil/spieler/106987
369567,Sasa Kalajdzic,14,4,Forward,Austria,/sasa-kalajdzic/profil/spieler/369567
438961,Michael Svoboda,25,2,Defender,Austria,/michael-svoboda/profil/spieler/438961
287188,Dejan Ljubicic,19,3,Midfield,Austria,/dejan-ljubicic/profil/spieler/287188
59016,David Alaba,8,2,Defender,Austria,/david-alaba/profil/spieler/59016
195736,Florian Grillitsch,10,3,Midfield,Austria,/florian-grillitsch/profil/spieler/195736
223972,Patrick Pentz,13,1,Goalkeeper,Austria,/patrick-pentz/profil/spieler/223972
393999,Florian Wiegele,12,1,Goalkeeper,Austria,/florian-wiegele/profil/spieler/393999
41384,Marko Arnautovic,7,4,Forward,Austria,/marko-arnautovic/profil/spieler/41384
186374,Alexander Schlager,1,1,Goalkeeper,Austria,/alexander-schlager/profil/spieler/186374
127573,Phillipp Mwene,16,2,Defender,Austria,/phillipp-mwene/profil/spieler/127573
120205,Michael Gregoritsch,11,4,Forward,Austria,/michael-gregoritsch/profil/spieler/120205
118397,Alessandro Schöpf,26,3,Midfield,Austria,/alessandro-schopf/profil/spieler/118397
905011,Ibrahim Maza,22,3,Midfield,Algeria,/ibrahim-maza/profil/spieler/905011
578391,Rayan Aït-Nouri,15,2,Defender,Algeria,/rayan-ait-nouri/profil/spieler/578391
418659,Amine Gouiri,9,4,Forward,Algeria,/amine-gouiri/profil/spieler/418659
917911,Anis Hadj Moussa,11,4,Forward,Algeria,/anis-hadj-moussa/profil/spieler/917911
746910,Mohamed Amoura,18,4,Forward,Algeria,/mohamed-amoura/profil/spieler/746910
855015,Farès Chaïbi,10,3,Midfield,Algeria,/fares-chaibi/profil/spieler/855015
560593,Hicham Boudaoui,14,3,Midfield,Algeria,/hicham-boudaoui/profil/spieler/560593
395693,Houssem Aouar,8,3,Midfield,Algeria,/houssem-aouar/profil/spieler/395693
888738,Farès Ghedjemis,25,4,Forward,Algeria,/fares-ghedjemis/profil/spieler/888738
750903,Jaouen Hadjam,13,2,Defender,Algeria,/jaouen-hadjam/profil/spieler/750903
748445,Yassine Titraoui,24,3,Midfield,Algeria,/yassine-titraoui/profil/spieler/748445
864306,Rafik Belghali,17,2,Defender,Algeria,/rafik-belghali/profil/spieler/864306
284732,Ramy Bensebaini,21,2,Defender,Algeria,/ramy-bensebaini/profil/spieler/284732
416660,Ramiz Zerrouki,6,3,Midfield,Algeria,/ramiz-zerrouki/profil/spieler/416660
171424,Riyad Mahrez,7,4,Forward,Algeria,/riyad-mahrez/profil/spieler/171424
245537,Nabil Bentaleb,19,3,Midfield,Algeria,/nabil-bentaleb/profil/spieler/245537
668167,Samir Chergui,26,2,Defender,Algeria,/samir-chergui/profil/spieler/668167
748443,Adil Boulbina,20,4,Forward,Algeria,/adil-boulbina/profil/spieler/748443
625142,Zineddine Belaid,5,2,Defender,Algeria,/zineddine-belaid/profil/spieler/625142
592396,Mohamed Amine Tougai,4,2,Defender,Algeria,/mohamed-amine-tougai/profil/spieler/592396
840254,Nadhir Benbouali,12,4,Forward,Algeria,/nadhir-benbouali/profil/spieler/840254
80293,Aïssa Mandi,2,2,Defender,Algeria,/aissa-mandi/profil/spieler/80293
283489,Luca Zidane,23,1,Goalkeeper,Algeria,/luca-zidane/profil/spieler/283489
949929,Achref Abada,3,2,Defender,Algeria,/achref-abada/profil/spieler/949929
437982,Oussama Benbout,16,1,Goalkeeper,Algeria,/oussama-benbout/profil/spieler/437982
534398,Melvin Mastil,1,1,Goalkeeper,Algeria,/melvin-mastil/profil/spieler/534398
551505,Mousa Tamari,10,4,Forward,Jordan,/mousa-tamari/profil/spieler/551505
539961,Yazan Al-Arab,5,2,Defender,Jordan,/yazan-al-arab/profil/spieler/539961
664057,Ali Olwan,9,4,Forward,Jordan,/ali-olwan/profil/spieler/664057
677986,Mohammad Abu Zrayq,7,4,Forward,Jordan,/mohammad-abu-zrayq/profil/spieler/677986
734751,Nizar Al-Rashdan,21,3,Midfield,Jordan,/nizar-al-rashdan/profil/spieler/734751
883111,Mohannad Abu Taha,20,2,Defender,Jordan,/mohannad-abu-taha/profil/spieler/883111
561485,Noor Al-Rawabdeh,8,3,Midfield,Jordan,/noor-al-rawabdeh/profil/spieler/561485
744040,Amer Jamous,6,3,Midfield,Jordan,/amer-jamous/profil/spieler/744040
709974,Ibrahim Saadeh,15,3,Midfield,Jordan,/ibrahim-saadeh/profil/spieler/709974
561481,Saed Al-Rousan,19,2,Defender,Jordan,/saed-al-rousan/profil/spieler/561481
882197,Abdallah Nasib,3,2,Defender,Jordan,/abdallah-nasib/profil/spieler/882197
895249,Mohammad Abu Hasheesh,2,2,Defender,Jordan,/mohammad-abu-hasheesh/profil/spieler/895249
658052,Mohammad Abualnadi,16,2,Defender,Jordan,/mohammad-abualnadi/profil/spieler/658052
401086,Mahmoud Al-Mardi,13,4,Forward,Jordan,/mahmoud-al-mardi/profil/spieler/401086
895291,Husam Abu Dahab,4,2,Defender,Jordan,/husam-abu-dahab/profil/spieler/895291
1252820,Odeh Fakhoury,11,4,Forward,Jordan,/odeh-fakhoury/profil/spieler/1252820
261842,Rajaei Ayed,14,3,Midfield,Jordan,/rajaei-ayed/profil/spieler/261842
1059056,Ali Azaizeh,24,4,Forward,Jordan,/ali-azaizeh/profil/spieler/1059056
310943,Ehsan Haddad,23,2,Defender,Jordan,/ehsan-haddad/profil/spieler/310943
261850,Yazeed Abulaila,1,1,Goalkeeper,Jordan,/yazeed-abulaila/profil/spieler/261850
1252806,Mohammad Abu Ghoush,18,2,Defender,Jordan,/mohammad-abu-ghoush/profil/spieler/1252806
658805,Abdallah Al-Fakhouri,22,1,Goalkeeper,Jordan,/abdallah-al-fakhouri/profil/spieler/658805
261837,Noor Bane Ataya,12,1,Goalkeeper,Jordan,/noor-bane-ataya/profil/spieler/261837
1378902,Anas Badawi,26,2,Defender,Jordan,/anas-badawi/profil/spieler/1378902
310801,Mohammad Al-Dawoud,25,3,Midfield,Jordan,/mohammad-al-dawoud/profil/spieler/310801
658807,Saleem Obaid,17,2,Defender,Jordan,/saleem-obaid/profil/spieler/658807
480692,Luis Díaz,7,4,Forward,Colombia,/luis-diaz/profil/spieler/480692
424784,Luis Suárez,25,4,Forward,Colombia,/luis-suarez/profil/spieler/424784
735573,Richard Ríos,6,3,Midfield,Colombia,/richard-rios/profil/spieler/735573
493003,Daniel Muñoz,2,2,Defender,Colombia,/daniel-munoz/profil/spieler/493003
413565,Jhon Lucumí,3,2,Defender,Colombia,/jhon-lucumi/profil/spieler/413565
459463,Cucho Hernández,19,4,Forward,Colombia,/cucho-hernandez/profil/spieler/459463
341429,Davinson Sánchez,23,2,Defender,Colombia,/davinson-sanchez/profil/spieler/341429
588989,Jhon Arias,11,4,Forward,Colombia,/jhon-arias/profil/spieler/588989
354145,Jorge Carrascal,8,3,Midfield,Colombia,/jorge-carrascal/profil/spieler/354145
957461,Andrés Gómez,26,4,Forward,Colombia,/andres-gomez/profil/spieler/957461
185245,Jhon Córdoba,9,4,Forward,Colombia,/jhon-cordoba/profil/spieler/185245
936981,Gustavo Puerta,14,3,Midfield,Colombia,/gustavo-puerta/profil/spieler/936981
262980,Jefferson Lerma,16,3,Midfield,Colombia,/jefferson-lerma/profil/spieler/262980
491553,Jáminton Campaz,21,4,Forward,Colombia,/jaminton-campaz/profil/spieler/491553
609255,Willer Ditta,18,2,Defender,Colombia,/willer-ditta/profil/spieler/609255
585747,Juan Portilla,15,3,Midfield,Colombia,/juan-portilla/profil/spieler/585747
857948,Kevin Castaño,5,3,Midfield,Colombia,/kevin-castano/profil/spieler/857948
292985,Álvaro Montero,24,1,Goalkeeper,Colombia,/alvaro-montero/profil/spieler/292985
289446,Yerry Mina,13,2,Defender,Colombia,/yerry-mina/profil/spieler/289446
332560,Deiver Machado,22,2,Defender,Colombia,/deiver-machado/profil/spieler/332560
122582,Juan Fernando Quintero,20,3,Midfield,Colombia,/juan-fernando-quintero/profil/spieler/122582
262939,Johan Mojica,17,2,Defender,Colombia,/johan-mojica/profil/spieler/262939
88103,James Rodríguez,10,3,Midfield,Colombia,/james-rodriguez/profil/spieler/88103
120443,Santiago Arias,4,2,Defender,Colombia,/santiago-arias/profil/spieler/120443
74113,Camilo Vargas,12,1,Goalkeeper,Colombia,/camilo-vargas/profil/spieler/74113
73396,David Ospina,1,1,Goalkeeper,Colombia,/david-ospina/profil/spieler/73396
670681,João Neves,15,3,Midfield,Portugal,/joao-neves/profil/spieler/670681
487469,Vitinha,23,3,Midfield,Portugal,/vitinha/profil/spieler/487469
616341,Nuno Mendes,25,2,Defender,Portugal,/nuno-mendes/profil/spieler/616341
487465,Pedro Neto,18,4,Forward,Portugal,/pedro-neto/profil/spieler/487465
258004,Rúben Dias,3,2,Defender,Portugal,/ruben-dias/profil/spieler/258004
601883,Matheus Nunes,6,2,Defender,Portugal,/matheus-nunes/profil/spieler/601883
357164,Rafael Leão,17,4,Forward,Portugal,/rafael-leao/profil/spieler/357164
549006,Gonçalo Inácio,14,2,Defender,Portugal,/goncalo-inacio/profil/spieler/549006
357153,Diogo Costa,1,1,Goalkeeper,Portugal,/diogo-costa/profil/spieler/357153
412669,Francisco Trincão,16,3,Midfield,Portugal,/francisco-trincao/profil/spieler/412669
240306,Bruno Fernandes,8,3,Midfield,Portugal,/bruno-fernandes/profil/spieler/240306
550550,Gonçalo Ramos,9,4,Forward,Portugal,/goncalo-ramos/profil/spieler/550550
504087,Tomás Araújo,4,2,Defender,Portugal,/tomas-araujo/profil/spieler/504087
487474,Francisco Conceição,26,4,Forward,Portugal,/francisco-conceicao/profil/spieler/487474
357147,Diogo Dalot,5,2,Defender,Portugal,/diogo-dalot/profil/spieler/357147
462250,João Félix,11,4,Forward,Portugal,/joao-felix/profil/spieler/462250
805714,Renato Veiga,13,2,Defender,Portugal,/renato-veiga/profil/spieler/805714
225161,Rúben Neves,21,3,Midfield,Portugal,/ruben-neves/profil/spieler/225161
241641,Bernardo Silva,10,3,Midfield,Portugal,/bernardo-silva/profil/spieler/241641
657430,Samú Costa,24,3,Midfield,Portugal,/samu-costa/profil/spieler/657430
8198,Cristiano Ronaldo,7,4,Forward,Portugal,/cristiano-ronaldo/profil/spieler/8198
182712,João Cancelo,20,2,Defender,Portugal,/joao-cancelo/profil/spieler/182712
234811,Rui Silva,22,1,Goalkeeper,Portugal,/rui-silva/profil/spieler/234811
231572,Nélson Semedo,2,2,Defender,Portugal,/nelson-semedo/profil/spieler/231572
225122,Gonçalo Guedes,19,4,Forward,Portugal,/goncalo-guedes/profil/spieler/225122
249994,José Sá,12,1,Goalkeeper,Portugal,/jose-sa/profil/spieler/249994
727089,Noah Sadiki,14,3,Midfield,Democratic Republic of the Congo,/noah-sadiki/profil/spieler/727089
388165,Yoane Wissa,20,4,Forward,Democratic Republic of the Congo,/yoane-wissa/profil/spieler/388165
1016015,Ngal'ayel Mukau,6,3,Midfield,Democratic Republic of the Congo,/ngalayel-mukau/profil/spieler/1016015
477758,Aaron Wan-Bissaka,2,2,Defender,Democratic Republic of the Congo,/aaron-wan-bissaka/profil/spieler/477758
344869,Simon Banza,23,4,Forward,Democratic Republic of the Congo,/simon-banza/profil/spieler/344869
680218,Matthieu Epolo,21,1,Goalkeeper,Democratic Republic of the Congo,/matthieu-epolo/profil/spieler/680218
342046,Axel Tuanzebe,4,2,Defender,Democratic Republic of the Congo,/axel-tuanzebe/profil/spieler/342046
486477,Edo Kayembe,25,3,Midfield,Democratic Republic of the Congo,/edo-kayembe/profil/spieler/486477
280701,Théo Bongonda,10,4,Forward,Democratic Republic of the Congo,/theo-bongonda/profil/spieler/280701
243879,Charles Pickel,18,3,Midfield,Democratic Republic of the Congo,/charles-pickel/profil/spieler/243879
679709,Steve Kapuadi,3,2,Defender,Democratic Republic of the Congo,/steve-kapuadi/profil/spieler/679709
203348,Chancel Mbemba,22,2,Defender,Democratic Republic of the Congo,/chancel-mbemba/profil/spieler/203348
700565,Brian Cipenga,9,4,Forward,Democratic Republic of the Congo,/brian-cipenga/profil/spieler/700565
557614,Nathanaël Mbuku,7,4,Forward,Democratic Republic of the Congo,/nathanael-mbuku/profil/spieler/557614
181380,Arthur Masuaku,26,2,Defender,Democratic Republic of the Congo,/arthur-masuaku/profil/spieler/181380
129586,Joris Kayembe,12,2,Defender,Democratic Republic of the Congo,/joris-kayembe/profil/spieler/129586
727157,Fiston Mayele,19,4,Forward,Democratic Republic of the Congo,/fiston-mayele/profil/spieler/727157
423678,Meschack Elia,13,4,Forward,Democratic Republic of the Congo,/meschack-elia/profil/spieler/423678
353403,Samuel Moutoussamy,8,3,Midfield,Democratic Republic of the Congo,/samuel-moutoussamy/profil/spieler/353403
127048,Cédric Bakambu,17,4,Forward,Democratic Republic of the Congo,/cedric-bakambu/profil/spieler/127048
395685,Gédéon Kalulu,24,2,Defender,Democratic Republic of the Congo,/gedeon-kalulu/profil/spieler/395685
541420,Timothy Fayulu,16,1,Goalkeeper,Democratic Republic of the Congo,/timothy-fayulu/profil/spieler/541420
289432,Dylan Batubinsika,5,2,Defender,Democratic Republic of the Congo,/dylan-batubinsika/profil/spieler/289432
164915,Lionel Mpasi-Nzau,1,1,Goalkeeper,Democratic Republic of the Congo,/lionel-mpasi-nzau/profil/spieler/164915
243633,Aaron Tshibola,15,3,Midfield,Democratic Republic of the Congo,/aaron-tshibola/profil/spieler/243633
74297,Gaël Kakuta,11,3,Midfield,Democratic Republic of the Congo,/gael-kakuta/profil/spieler/74297
763079,Abdukodir Khusanov,2,2,Defender,Uzbekistan,/abdukodir-khusanov/profil/spieler/763079
754037,Abbosbek Fayzullaev,22,4,Forward,Uzbekistan,/abbosbek-fayzullaev/profil/spieler/754037
358166,Eldor Shomurodov,14,4,Forward,Uzbekistan,/eldor-shomurodov/profil/spieler/358166
492556,Oston Urunov,11,4,Forward,Uzbekistan,/oston-urunov/profil/spieler/492556
431911,Aziz Ganiev,19,3,Midfield,Uzbekistan,/aziz-ganiev/profil/spieler/431911
527866,Abduvokhid Nematov,12,1,Goalkeeper,Uzbekistan,/abduvokhid-nematov/profil/spieler/527866
294525,Otabek Shukurov,7,3,Midfield,Uzbekistan,/otabek-shukurov/profil/spieler/294525
562022,Akmal Mozgovoy,6,3,Midfield,Uzbekistan,/akmal-mozgovoy/profil/spieler/562022
492558,Khozhiakbar Alizhonov,3,2,Defender,Uzbekistan,/khozhiakbar-alizhonov/profil/spieler/492558
185372,Igor Sergeev,21,4,Forward,Uzbekistan,/igor-sergeev/profil/spieler/185372
608537,Sherzod Nasrullaev,13,2,Defender,Uzbekistan,/sherzod-nasrullaev/profil/spieler/608537
288915,Odildzhon Khamrobekov,9,3,Midfield,Uzbekistan,/odildzhon-khamrobekov/profil/spieler/288915
260857,Jamshid Iskanderov,8,3,Midfield,Uzbekistan,/jamshid-iskanderov/profil/spieler/260857
294502,Dostonbek Khamdamov,17,4,Forward,Uzbekistan,/dostonbek-khamdamov/profil/spieler/294502
754040,Ruslanbek Jiyanov,10,4,Forward,Uzbekistan,/ruslanbek-jiyanov/profil/spieler/754040
288883,Rustam Ashurmatov,5,2,Defender,Uzbekistan,/rustam-ashurmatov/profil/spieler/288883
989069,Jakhongir Urozov,26,2,Defender,Uzbekistan,/jakhongir-urozov/profil/spieler/989069
312690,Botirali Ergashev,16,1,Goalkeeper,Uzbekistan,/botirali-ergashev/profil/spieler/312690
311958,Utkir Yusupov,1,1,Goalkeeper,Uzbekistan,/utkir-yusupov/profil/spieler/311958
517918,Azizbek Amanov,20,4,Forward,Uzbekistan,/azizbek-amanov/profil/spieler/517918
538764,Avazbek Ulmasaliev,25,2,Defender,Uzbekistan,/avazbek-ulmasaliev/profil/spieler/538764
570272,Abdulla Abdullaev,18,3,Midfield,Uzbekistan,/abdulla-abdullaev/profil/spieler/570272
493725,Umar Eshmurodov,15,2,Defender,Uzbekistan,/umar-eshmurodov/profil/spieler/493725
989068,Sherzod Esanov,23,3,Midfield,Uzbekistan,/sherzod-esanov/profil/spieler/989068
1106187,Bekhruz Karimov,24,2,Defender,Uzbekistan,/bekhruz-karimov/profil/spieler/1106187
212499,Farrukh Sayfiev,4,2,Defender,Uzbekistan,/farrukh-sayfiev/profil/spieler/212499
581678,Jude Bellingham,10,3,Midfield,England,/jude-bellingham/profil/spieler/581678
357662,Declan Rice,4,3,Midfield,England,/declan-rice/profil/spieler/357662
433177,Bukayo Saka,7,4,Forward,England,/bukayo-saka/profil/spieler/433177
503743,Morgan Rogers,17,3,Midfield,England,/morgan-rogers/profil/spieler/503743
567576,Elliot Anderson,8,3,Midfield,England,/elliot-anderson/profil/spieler/567576
820374,Kobbie Mainoo,16,3,Midfield,England,/kobbie-mainoo/profil/spieler/820374
743413,Nico O'Reilly,3,2,Defender,England,/nico-oreilly/profil/spieler/743413
392757,Marc Guéhi,6,2,Defender,England,/marc-guehi/profil/spieler/392757
503733,Anthony Gordon,18,4,Forward,England,/anthony-gordon/profil/spieler/503733
479999,Eberechi Eze,21,3,Midfield,England,/eberechi-eze/profil/spieler/479999
132098,Harry Kane,9,4,Forward,England,/harry-kane/profil/spieler/132098
472423,Reece James,24,2,Defender,England,/reece-james/profil/spieler/472423
503987,Noni Madueke,20,4,Forward,England,/noni-madueke/profil/spieler/503987
632349,Jarell Quansah,26,2,Defender,England,/jarell-quansah/profil/spieler/632349
346314,Trevoh Chalobah,12,2,Defender,England,/trevoh-chalobah/profil/spieler/346314
413403,Ezri Konsa,2,2,Defender,England,/ezri-konsa/profil/spieler/413403
258923,Marcus Rashford,11,4,Forward,England,/marcus-rashford/profil/spieler/258923
483348,Djed Spence,25,2,Defender,England,/djed-spence/profil/spieler/483348
258919,Dean Henderson,13,1,Goalkeeper,England,/dean-henderson/profil/spieler/258919
566799,James Trafford,23,1,Goalkeeper,England,/james-trafford/profil/spieler/566799
324358,Ollie Watkins,19,4,Forward,England,/ollie-watkins/profil/spieler/324358
251664,Ivan Toney,22,4,Forward,England,/ivan-toney/profil/spieler/251664
130164,Jordan Pickford,1,1,Goalkeeper,England,/jordan-pickford/profil/spieler/130164
186590,John Stones,5,2,Defender,England,/john-stones/profil/spieler/186590
134270,Dan Burn,15,2,Defender,England,/dan-burn/profil/spieler/134270
61651,Jordan Henderson,14,3,Midfield,England,/jordan-henderson/profil/spieler/61651
475959,Josko Gvardiol,4,2,Defender,Croatia,/josko-gvardiol/profil/spieler/475959
892160,Luka Vuskovic,22,2,Defender,Croatia,/luka-vuskovic/profil/spieler/892160
668207,Petar Sučić,17,3,Midfield,Croatia,/petar-sucic/profil/spieler/668207
483046,Josip Stanisic,2,2,Defender,Croatia,/josip-stanisic/profil/spieler/483046
580451,Martin Baturina,16,3,Midfield,Croatia,/martin-baturina/profil/spieler/580451
605268,Igor Matanovic,20,4,Forward,Croatia,/igor-matanovic/profil/spieler/605268
371001,Josip Sutalo,6,2,Defender,Croatia,/josip-sutalo/profil/spieler/371001
387110,Petar Musa,26,4,Forward,Croatia,/petar-musa/profil/spieler/387110
293200,Nikola Vlašić,13,3,Midfield,Croatia,/nikola-vlasic/profil/spieler/293200
51471,Mateo Kovacic,8,3,Midfield,Croatia,/mateo-kovacic/profil/spieler/51471
502722,Luka Sucic,21,3,Midfield,Croatia,/luka-sucic/profil/spieler/502722
432758,Toni Fruk,19,3,Midfield,Croatia,/toni-fruk/profil/spieler/432758
316934,Nikola Moro,7,3,Midfield,Croatia,/nikola-moro/profil/spieler/316934
395928,Marco Pašalić,24,4,Forward,Croatia,/marco-pasalic/profil/spieler/395928
282144,Marin Pongracic,3,2,Defender,Croatia,/marin-pongracic/profil/spieler/282144
374954,Kristijan Jakic,18,3,Midfield,Croatia,/kristijan-jakic/profil/spieler/374954
205938,Mario Pašalić,15,3,Midfield,Croatia,/mario-pasalic/profil/spieler/205938
370997,Dominik Kotarski,23,1,Goalkeeper,Croatia,/dominik-kotarski/profil/spieler/370997
371013,Ivor Pandur,12,1,Goalkeeper,Croatia,/ivor-pandur/profil/spieler/371013
205927,Dominik Livakovic,1,1,Goalkeeper,Croatia,/dominik-livakovic/profil/spieler/205927
357003,Martin Erlić,25,2,Defender,Croatia,/martin-erlic/profil/spieler/357003
27992,Luka Modrić,10,3,Midfield,Croatia,/luka-modric/profil/spieler/27992
238266,Duje Caleta-Car,5,2,Defender,Croatia,/duje-caleta-car/profil/spieler/238266
46413,Ante Budimir,11,4,Forward,Croatia,/ante-budimir/profil/spieler/46413
46580,Andrej Kramaric,9,4,Forward,Croatia,/andrej-kramaric/profil/spieler/46580
42460,Ivan Perišić,14,4,Forward,Croatia,/ivan-perisic/profil/spieler/42460
583255,Antoine Semenyo,11,4,Forward,Ghana,/antoine-semenyo/profil/spieler/583255
864121,Abdul Fatawu,7,4,Forward,Ghana,/abdul-fatawu/profil/spieler/864121
746695,Kamaldeen Sulemana,22,4,Forward,Ghana,/kamaldeen-sulemana/profil/spieler/746695
451747,Brandon Thomas-Asante,10,4,Forward,Ghana,/brandon-thomas-asante/profil/spieler/451747
1119447,Christopher Bonsu Baah,13,4,Forward,Ghana,/christopher-bonsu-baah/profil/spieler/1119447
1240763,Caleb Yirenkyi,3,3,Midfield,Ghana,/caleb-yirenkyi/profil/spieler/1240763
1113451,Kojo Peprah Oppong,21,2,Defender,Ghana,/kojo-peprah-oppong/profil/spieler/1113451
955070,Ernest Nuamah,24,4,Forward,Ghana,/ernest-nuamah/profil/spieler/955070
255508,Iñaki Williams,19,4,Forward,Ghana,/inaki-williams/profil/spieler/255508
579263,Augustine Boakye,20,3,Midfield,Ghana,/augustine-boakye/profil/spieler/579263
798404,Alidu Seidu,2,2,Defender,Ghana,/alidu-seidu/profil/spieler/798404
734676,Jonas Adjetey,4,2,Defender,Ghana,/jonas-adjetey/profil/spieler/734676
408563,Jerome Opoku,18,2,Defender,Ghana,/jerome-opoku/profil/spieler/408563
397171,Gideon Mensah,14,2,Defender,Ghana,/gideon-mensah/profil/spieler/397171
395695,Elisha Owusu,15,3,Midfield,Ghana,/elisha-owusu/profil/spieler/395695
451801,Abdul Mumin,6,2,Defender,Ghana,/abdul-mumin/profil/spieler/451801
734799,Prince Adu,25,4,Forward,Ghana,/prince-adu/profil/spieler/734799
830890,Marvin Senaya,26,2,Defender,Ghana,/marvin-senaya/profil/spieler/830890
230784,Thomas Partey,5,3,Midfield,Ghana,/thomas-partey/profil/spieler/230784
224884,Abdul Rahman Baba,17,2,Defender,Ghana,/abdul-rahman-baba/profil/spieler/224884
254285,Lawrence Ati Zigi,1,1,Goalkeeper,Ghana,/lawrence-ati-zigi/profil/spieler/254285
538006,Kwasi Sibo,8,3,Midfield,Ghana,/kwasi-sibo/profil/spieler/538006
108354,Jordan Ayew,9,4,Forward,Ghana,/jordan-ayew/profil/spieler/108354
241457,Derrick Luckassen,23,2,Defender,Ghana,/derrick-luckassen/profil/spieler/241457
576099,Joseph Anang,12,1,Goalkeeper,Ghana,/joseph-anang/profil/spieler/576099
837368,Benjamin Asare,16,1,Goalkeeper,Ghana,/benjamin-asare/profil/spieler/837368
354482,Amir Murillo,23,2,Defender,Panama,/amir-murillo/profil/spieler/354482
698415,José Córdoba,3,2,Defender,Panama,/jose-cordoba/profil/spieler/698415
375300,Adalberto Carrasquilla,8,3,Midfield,Panama,/adalberto-carrasquilla/profil/spieler/375300
440383,César Blackman,2,2,Defender,Panama,/cesar-blackman/profil/spieler/440383
425028,José Luis Rodríguez,7,4,Forward,Panama,/jose-luis-rodriguez/profil/spieler/425028
403808,Andrés Andrade,16,2,Defender,Panama,/andres-andrade/profil/spieler/403808
243298,Ismael Díaz,10,4,Forward,Panama,/ismael-diaz/profil/spieler/243298
860998,Azarías Londoño,24,4,Forward,Panama,/azarias-londono/profil/spieler/860998
569205,Tomás Rodríguez,9,4,Forward,Panama,/tomas-rodriguez/profil/spieler/569205
923177,Edgardo Fariña,5,2,Defender,Panama,/edgardo-farina/profil/spieler/923177
443379,Jorge Gutiérrez,26,2,Defender,Panama,/jorge-gutierrez/profil/spieler/443379
419247,Cristian Martínez,6,3,Midfield,Panama,/cristian-martinez/profil/spieler/419247
402979,Orlando Mosquera,22,1,Goalkeeper,Panama,/orlando-mosquera/profil/spieler/402979
283473,Yoel Bárcenas,11,4,Forward,Panama,/yoel-barcenas/profil/spieler/283473
628806,Carlos Harvey,14,3,Midfield,Panama,/carlos-harvey/profil/spieler/628806
546803,José Fajardo,17,4,Forward,Panama,/jose-fajardo/profil/spieler/546803
403809,Jiovany Ramos,13,2,Defender,Panama,/jiovany-ramos/profil/spieler/403809
741098,César Yanis,21,4,Forward,Panama,/cesar-yanis/profil/spieler/741098
345716,Fidel Escobar,4,2,Defender,Panama,/fidel-escobar/profil/spieler/345716
177064,Cecilio Waterman,18,4,Forward,Panama,/cecilio-waterman/profil/spieler/177064
865550,César Samudio,12,1,Goalkeeper,Panama,/cesar-samudio/profil/spieler/865550
157154,Roderick Miller,25,2,Defender,Panama,/roderick-miller/profil/spieler/157154
76715,Luis Mejía,1,1,Goalkeeper,Panama,/luis-mejia/profil/spieler/76715
161671,Aníbal Godoy,20,3,Midfield,Panama,/anibal-godoy/profil/spieler/161671
126019,Alberto Quintero,19,4,Forward,Panama,/alberto-quintero/profil/spieler/126019
121791,Éric Davis,15,2,Defender,Panama,/eric-davis/profil/spieler/121791
